16,[0.         0.00627333 0.00627333 0.02032    0.04306    0.07652
 0.12199333 0.12199333 0.18116667 0.25092667 0.25093333 0.33104667
 0.33105333 0.33106    0.41862    0.41862    0.51084667 0.60254667
 0.69206    0.77433333 0.84754    0.90861333 0.95879333 1.        ],[0.         0.0555337  0.05554037 0.11013407 0.17348782 0.24588164
 0.32312215 0.32313549 0.40742938 0.49339662 0.49339662 0.57970386
 0.57970386 0.57971053 0.66217775 0.66219108 0.73941826 0.80801205
 0.86604577 0.91364609 0.94941966 0.97469316 0.99063994 1.        ],[2.         1.         0.97916667 0.9375     0.875      0.8125
 0.75       0.73645833 0.6875     0.625      0.58854167 0.5625
 0.5125     0.50520833 0.5        0.4625     0.4375     0.375
 0.3125     0.25       0.1875     0.125      0.0625     0.        ]
64,[0.00000000e+00 5.73333333e-04 1.48000000e-03 2.74666667e-03
 2.74666667e-03 4.29333333e-03 6.38000000e-03 8.78000000e-03
 1.18933333e-02 1.55000000e-02 1.99000000e-02 2.46133333e-02
 2.96800000e-02 3.54066667e-02 4.27000000e-02 5.02600000e-02
 5.88733333e-02 6.86000000e-02 7.93800000e-02 9.04800000e-02
 1.02720000e-01 1.16720000e-01 1.16720000e-01 1.31233333e-01
 1.46713333e-01 1.46713333e-01 1.63593333e-01 1.80873333e-01
 1.80873333e-01 1.98640000e-01 2.18800000e-01 2.39533333e-01
 2.39540000e-01 2.61293333e-01 2.61300000e-01 2.83153333e-01
 3.06073333e-01 3.29453333e-01 3.29453333e-01 3.53820000e-01
 3.78113333e-01 3.78113333e-01 3.78126667e-01 4.03120000e-01
 4.03126667e-01 4.27800000e-01 4.27800000e-01 4.53646667e-01
 4.78826667e-01 5.04373333e-01 5.30446667e-01 5.55993333e-01
 5.81640000e-01 6.06613333e-01 6.32113333e-01 6.56953333e-01
 6.81366667e-01 7.04533333e-01 7.04540000e-01 7.27006667e-01
 7.49393333e-01 7.71053333e-01 7.91813333e-01 8.11653333e-01
 8.31100000e-01 8.49706667e-01 8.66946667e-01 8.83900000e-01
 8.98473333e-01 9.12726667e-01 9.25973333e-01 9.38800000e-01
 9.50613333e-01 9.61260000e-01 9.71180000e-01 9.80906667e-01
 9.89900000e-01 1.00000000e+00],[0.         0.01911346 0.03104021 0.04237362 0.04238028 0.0544737
 0.06684711 0.0801672  0.09421396 0.10895406 0.12413416 0.14004093
 0.15716771 0.17490783 0.19301462 0.21186141 0.23119487 0.25046834
 0.27127514 0.29188195 0.31274208 0.33464223 0.33465556 0.35664238
 0.3798292  0.37983587 0.40302935 0.42632951 0.42633618 0.450163
 0.4743765  0.49908999 0.49908999 0.52299015 0.52299015 0.54695031
 0.57025714 0.59402396 0.59403063 0.61781745 0.64113761 0.64114427
 0.64114427 0.66388443 0.66388443 0.68648458 0.68649124 0.70817139
 0.72942486 0.750185   0.7694718  0.78820525 0.80620537 0.82341882
 0.83985227 0.85503903 0.8696458  0.88383923 0.88383923 0.89685265
 0.90881939 0.91949946 0.9298662  0.93919959 0.94810632 0.95587304
 0.96297309 0.96923313 0.97441983 0.97947986 0.98355322 0.98741325
 0.99087327 0.99315995 0.99565997 0.99739998 0.99881333 1.        ],[2.         1.         0.984375   0.96875    0.95572917 0.953125
 0.9375     0.921875   0.90625    0.890625   0.875      0.859375
 0.84375    0.828125   0.8125     0.796875   0.78125    0.765625
 0.75       0.734375   0.71875    0.703125   0.6953125  0.6875
 0.671875   0.65963542 0.65625    0.640625   0.62578125 0.625
 0.609375   0.59375    0.57890625 0.578125   0.56640625 0.5625
 0.546875   0.53125    0.52604167 0.515625   0.5        0.4953869
 0.48831845 0.484375   0.47395833 0.46875    0.45706845 0.453125
 0.4375     0.421875   0.40625    0.390625   0.375      0.359375
 0.34375    0.328125   0.3125     0.296875   0.29166667 0.28125
 0.265625   0.25       0.234375   0.21875    0.203125   0.1875
 0.171875   0.15625    0.140625   0.125      0.109375   0.09375
 0.078125   0.0625     0.046875   0.03125    0.015625   0.        ]
144,[0.00000000e+00 2.13333333e-04 2.20000000e-04 4.06666667e-04
 6.46666667e-04 1.03333333e-03 1.50000000e-03 1.50000000e-03
 2.04000000e-03 2.56666667e-03 3.13333333e-03 3.98666667e-03
 3.98666667e-03 4.72000000e-03 5.56000000e-03 6.70000000e-03
 7.82000000e-03 8.96000000e-03 1.02933333e-02 1.17800000e-02
 1.31266667e-02 1.45800000e-02 1.62533333e-02 1.80266667e-02
 2.00000000e-02 2.22200000e-02 2.45800000e-02 2.70000000e-02
 2.93400000e-02 3.16933333e-02 3.44133333e-02 3.72066667e-02
 4.03000000e-02 4.34800000e-02 4.69000000e-02 5.05400000e-02
 5.41400000e-02 5.83866667e-02 6.24200000e-02 6.24200000e-02
 6.69866667e-02 7.18533333e-02 7.68066667e-02 8.17000000e-02
 8.68733333e-02 9.23866667e-02 9.77866667e-02 1.03553333e-01
 1.03553333e-01 1.09460000e-01 1.15546667e-01 1.21900000e-01
 1.21906667e-01 1.28640000e-01 1.35153333e-01 1.42433333e-01
 1.49666667e-01 1.49666667e-01 1.57373333e-01 1.65126667e-01
 1.72906667e-01 1.72906667e-01 1.80953333e-01 1.89253333e-01
 1.89253333e-01 1.97866667e-01 2.06526667e-01 2.15106667e-01
 2.24006667e-01 2.33080000e-01 2.42340000e-01 2.52193333e-01
 2.52193333e-01 2.61760000e-01 2.61760000e-01 2.71793333e-01
 2.82286667e-01 2.92413333e-01 3.02913333e-01 3.02920000e-01
 3.13673333e-01 3.24386667e-01 3.24386667e-01 3.35213333e-01
 3.45940000e-01 3.56860000e-01 3.56860000e-01 3.68320000e-01
 3.68326667e-01 3.79800000e-01 3.79806667e-01 3.90786667e-01
 4.02433333e-01 4.13833333e-01 4.13833333e-01 4.25620000e-01
 4.37486667e-01 4.37493333e-01 4.49020000e-01 4.60713333e-01
 4.72366667e-01 4.72373333e-01 4.84206667e-01 4.84206667e-01
 4.96113333e-01 4.96113333e-01 5.07600000e-01 5.19526667e-01
 5.31226667e-01 5.42960000e-01 5.54720000e-01 5.66446667e-01
 5.77713333e-01 5.89373333e-01 6.01080000e-01 6.12593333e-01
 6.23460000e-01 6.35000000e-01 6.46093333e-01 6.56800000e-01
 6.67740000e-01 6.78800000e-01 6.89473333e-01 6.89480000e-01
 7.00200000e-01 7.10293333e-01 7.20366667e-01 7.31073333e-01
 7.41340000e-01 7.51293333e-01 7.60913333e-01 7.70513333e-01
 7.79946667e-01 7.89180000e-01 7.98440000e-01 8.07886667e-01
 8.16980000e-01 8.25446667e-01 8.34353333e-01 8.42626667e-01
 8.50400000e-01 8.58233333e-01 8.65766667e-01 8.73240000e-01
 8.73240000e-01 8.80680000e-01 8.87906667e-01 8.94646667e-01
 9.01466667e-01 9.07520000e-01 9.13433333e-01 9.19846667e-01
 9.25853333e-01 9.31473333e-01 9.37013333e-01 9.42500000e-01
 9.47866667e-01 9.52720000e-01 9.57686667e-01 9.62233333e-01
 9.66573333e-01 9.70833333e-01 9.75233333e-01 9.79266667e-01
 9.83486667e-01 9.87186667e-01 9.90866667e-01 9.94660000e-01
 1.00000000e+00],[0.         0.01200675 0.01201341 0.01842012 0.02371349 0.02884019
 0.03408023 0.03408689 0.03924026 0.0443203  0.04939366 0.05436703
 0.0543737  0.05969373 0.06513377 0.07108047 0.07658051 0.08256722
 0.08873392 0.09487397 0.10128734 0.10789405 0.11480077 0.12147414
 0.12876753 0.13582757 0.14303429 0.15074767 0.15852106 0.16655444
 0.17454116 0.18286122 0.19132794 0.19967466 0.20834139 0.21698145
 0.22526817 0.23404823 0.24263495 0.24264162 0.25142834 0.26102841
 0.26980847 0.27884853 0.28810859 0.29758198 0.30714205 0.31700211
 0.31700878 0.32685551 0.33684225 0.34712231 0.34712231 0.35724238
 0.36766245 0.37780252 0.38816259 0.38816925 0.39876266 0.40896273
 0.4201028  0.42010947 0.43050954 0.44182961 0.44183628 0.45270302
 0.46351642 0.4744165  0.4854499  0.49651664 0.50756338 0.51837679
 0.51838346 0.52945686 0.52946353 0.54035027 0.55122367 0.56181708
 0.57310382 0.57310382 0.58368389 0.59389729 0.59390396 0.60463736
 0.6156841  0.62663084 0.62663751 0.63703758 0.63704425 0.64766432
 0.64766432 0.65786439 0.66802445 0.67797785 0.67798452 0.68837126
 0.69841132 0.69841132 0.70856472 0.71827146 0.72773818 0.72773818
 0.73702491 0.73703158 0.74625164 0.74625831 0.75502503 0.76373176
 0.77277182 0.78147854 0.7897386  0.79772532 0.80575204 0.81415876
 0.82207881 0.8297722  0.83701891 0.84389229 0.85069234 0.85793239
 0.86441243 0.87084581 0.87712585 0.87712585 0.88318589 0.88914593
 0.89465263 0.90033267 0.90578604 0.91127274 0.91636611 0.92089281
 0.9252395  0.92981953 0.93411956 0.93818625 0.94213295 0.94589964
 0.94947966 0.95323302 0.95675305 0.95983973 0.96264642 0.96579977
 0.96580644 0.96847979 0.97114647 0.97361982 0.97605984 0.97827319
 0.9802532  0.98209321 0.98389323 0.98577991 0.98726658 0.98887993
 0.99037994 0.99163994 0.99281995 0.99377996 0.99472663 0.99572664
 0.99667998 0.99736665 0.99799332 0.99847332 0.99904666 0.9995
 1.        ],[2.         1.         0.99652778 0.99305556 0.98611111 0.97916667
 0.97222222 0.96875    0.96527778 0.95833333 0.95138889 0.94444444
 0.94282407 0.9375     0.93055556 0.92361111 0.91666667 0.90972222
 0.90277778 0.89583333 0.88888889 0.88194444 0.875      0.86805556
 0.86111111 0.85416667 0.84722222 0.84027778 0.83333333 0.82638889
 0.81944444 0.8125     0.80555556 0.79861111 0.79166667 0.78472222
 0.77777778 0.77083333 0.76388889 0.75925926 0.75694444 0.75
 0.74305556 0.73611111 0.72916667 0.72222222 0.71527778 0.70833333
 0.70486111 0.70138889 0.69444444 0.6875     0.68229167 0.68055556
 0.67361111 0.66666667 0.65972222 0.6547619  0.65277778 0.64583333
 0.63888889 0.63715278 0.63194444 0.625      0.61979167 0.61805556
 0.61111111 0.60416667 0.59722222 0.59027778 0.58333333 0.57638889
 0.57407407 0.56944444 0.56602183 0.5625     0.55555556 0.54861111
 0.54166667 0.53819444 0.53472222 0.52777778 0.52430556 0.52083333
 0.51388889 0.50694444 0.50636574 0.5        0.4974537  0.49305556
 0.48902116 0.48611111 0.47916667 0.47222222 0.46888228 0.46527778
 0.45833333 0.45300926 0.45138889 0.44444444 0.4375     0.43287037
 0.43055556 0.42708333 0.42361111 0.421875   0.41666667 0.40972222
 0.40277778 0.39583333 0.38888889 0.38194444 0.375      0.36805556
 0.36111111 0.35416667 0.34722222 0.34027778 0.33333333 0.32638889
 0.31944444 0.3125     0.30555556 0.30324074 0.29861111 0.29166667
 0.28472222 0.27777778 0.27083333 0.26388889 0.25694444 0.25
 0.24305556 0.23611111 0.22916667 0.22222222 0.21527778 0.20833333
 0.20138889 0.19444444 0.1875     0.18055556 0.17361111 0.16666667
 0.16435185 0.15972222 0.15277778 0.14583333 0.13888889 0.13194444
 0.125      0.11805556 0.11111111 0.10416667 0.09722222 0.09027778
 0.08333333 0.07638889 0.06944444 0.0625     0.05555556 0.04861111
 0.04166667 0.03472222 0.02777778 0.02083333 0.01388889 0.00694444
 0.        ]
256,[0.00000000e+00 1.13333333e-04 2.40000000e-04 2.40000000e-04
 3.53333333e-04 3.60000000e-04 4.93333333e-04 6.20000000e-04
 8.13333333e-04 1.02000000e-03 1.27333333e-03 1.43333333e-03
 1.82000000e-03 2.08666667e-03 2.44666667e-03 2.72000000e-03
 2.72000000e-03 3.09333333e-03 3.56666667e-03 3.98666667e-03
 4.28666667e-03 4.74000000e-03 5.20666667e-03 5.72666667e-03
 6.30000000e-03 6.84666667e-03 6.84666667e-03 7.42666667e-03
 7.96000000e-03 8.70666667e-03 9.38000000e-03 1.02400000e-02
 1.10400000e-02 1.17866667e-02 1.26600000e-02 1.35333333e-02
 1.44800000e-02 1.53933333e-02 1.63266667e-02 1.63266667e-02
 1.74466667e-02 1.85200000e-02 1.95200000e-02 2.06733333e-02
 2.17666667e-02 2.30200000e-02 2.42666667e-02 2.56000000e-02
 2.68866667e-02 2.85200000e-02 2.99400000e-02 3.15266667e-02
 3.29133333e-02 3.44800000e-02 3.59133333e-02 3.77400000e-02
 3.92866667e-02 4.11600000e-02 4.28066667e-02 4.45200000e-02
 4.63333333e-02 4.82333333e-02 5.03133333e-02 5.03133333e-02
 5.24666667e-02 5.44866667e-02 5.67800000e-02 5.91666667e-02
 6.16733333e-02 6.39200000e-02 6.63333333e-02 6.88533333e-02
 7.17533333e-02 7.44466667e-02 7.73066667e-02 8.00200000e-02
 8.29333333e-02 8.60066667e-02 8.88400000e-02 8.88400000e-02
 9.19333333e-02 9.52066667e-02 9.82666667e-02 1.01560000e-01
 1.05000000e-01 1.08386667e-01 1.11693333e-01 1.15286667e-01
 1.15286667e-01 1.18726667e-01 1.22286667e-01 1.25813333e-01
 1.29400000e-01 1.33180000e-01 1.33180000e-01 1.37206667e-01
 1.41066667e-01 1.45320000e-01 1.49240000e-01 1.53806667e-01
 1.58066667e-01 1.62580000e-01 1.67180000e-01 1.67186667e-01
 1.71720000e-01 1.71720000e-01 1.76200000e-01 1.76206667e-01
 1.80986667e-01 1.85780000e-01 1.90200000e-01 1.94766667e-01
 1.99346667e-01 2.04400000e-01 2.04400000e-01 2.09393333e-01
 2.14253333e-01 2.14253333e-01 2.19273333e-01 2.24513333e-01
 2.29653333e-01 2.34973333e-01 2.40126667e-01 2.45586667e-01
 2.51046667e-01 2.56773333e-01 2.62546667e-01 2.68340000e-01
 2.73826667e-01 2.79360000e-01 2.85213333e-01 2.90973333e-01
 2.96826667e-01 3.02666667e-01 3.08860000e-01 3.14760000e-01
 3.21026667e-01 3.27546667e-01 3.33620000e-01 3.39693333e-01
 3.39693333e-01 3.39700000e-01 3.45900000e-01 3.45906667e-01
 3.52026667e-01 3.58106667e-01 3.58113333e-01 3.64700000e-01
 3.71186667e-01 3.77406667e-01 3.77406667e-01 3.83860000e-01
 3.90166667e-01 3.96913333e-01 4.03440000e-01 4.09733333e-01
 4.16833333e-01 4.23126667e-01 4.23126667e-01 4.29673333e-01
 4.36393333e-01 4.42793333e-01 4.42793333e-01 4.49573333e-01
 4.56080000e-01 4.62460000e-01 4.69053333e-01 4.76053333e-01
 4.76053333e-01 4.82786667e-01 4.89593333e-01 4.89600000e-01
 4.96560000e-01 5.03433333e-01 5.10086667e-01 5.16726667e-01
 5.16733333e-01 5.23113333e-01 5.30106667e-01 5.36173333e-01
 5.42866667e-01 5.42866667e-01 5.49746667e-01 5.56546667e-01
 5.63360000e-01 5.69640000e-01 5.82973333e-01 5.89253333e-01
 5.95813333e-01 6.02446667e-01 6.08820000e-01 6.15173333e-01
 6.21680000e-01 6.27873333e-01 6.34320000e-01 6.40593333e-01
 6.46373333e-01 6.52900000e-01 6.59320000e-01 6.65606667e-01
 6.72180000e-01 6.72186667e-01 6.78120000e-01 6.84033333e-01
 6.89853333e-01 6.96100000e-01 7.02393333e-01 7.07940000e-01
 7.13793333e-01 7.20013333e-01 7.25780000e-01 7.31466667e-01
 7.37173333e-01 7.42786667e-01 7.48260000e-01 7.54100000e-01
 7.59793333e-01 7.65126667e-01 7.70646667e-01 7.76080000e-01
 7.81406667e-01 7.86693333e-01 7.91740000e-01 7.97086667e-01
 8.02293333e-01 8.07220000e-01 8.12033333e-01 8.16986667e-01
 8.21926667e-01 8.26613333e-01 8.31486667e-01 8.36366667e-01
 8.41186667e-01 8.45693333e-01 8.49986667e-01 8.54560000e-01
 8.59200000e-01 8.63760000e-01 8.68113333e-01 8.72266667e-01
 8.76546667e-01 8.80586667e-01 8.84460000e-01 8.88393333e-01
 8.92233333e-01 8.96253333e-01 8.99986667e-01 9.03513333e-01
 9.03513333e-01 9.06826667e-01 9.10266667e-01 9.14020000e-01
 9.17486667e-01 9.20986667e-01 9.24340000e-01 9.27466667e-01
 9.30633333e-01 9.33820000e-01 9.37033333e-01 9.39920000e-01
 9.43080000e-01 9.45893333e-01 9.48980000e-01 9.51766667e-01
 9.54426667e-01 9.57213333e-01 9.59720000e-01 9.62420000e-01
 9.65120000e-01 9.67806667e-01 9.70000000e-01 9.72280000e-01
 9.74673333e-01 9.77026667e-01 9.79413333e-01 9.81526667e-01
 9.83613333e-01 9.85753333e-01 9.87786667e-01 9.89860000e-01
 9.91860000e-01 9.93966667e-01 9.96480000e-01 1.00000000e+00],[0.         0.00912006 0.01355342 0.01356009 0.01705345 0.01706678
 0.02044014 0.02314015 0.02579351 0.02871352 0.03173354 0.03464023
 0.03734025 0.04000027 0.04295362 0.0456803  0.04568697 0.04853366
 0.05137368 0.05424703 0.05730038 0.06043374 0.06350709 0.06657378
 0.0696738  0.07272715 0.07273382 0.07594717 0.07933386 0.08273388
 0.08622057 0.08976727 0.09324729 0.09657398 0.100034   0.10386736
 0.10772738 0.11144074 0.11534077 0.11534744 0.11904079 0.12292082
 0.12689418 0.13106087 0.13509423 0.13980093 0.14418096 0.14834766
 0.15284102 0.15711438 0.16150774 0.16598777 0.17031447 0.17514783
 0.1798012  0.1844479  0.18864792 0.19330129 0.19774798 0.20252135
 0.20744805 0.21204808 0.21714811 0.21715478 0.22200815 0.22671484
 0.23162821 0.23677491 0.24183495 0.24696165 0.25158168 0.25638838
 0.26153508 0.26665511 0.27217515 0.27722185 0.28266855 0.28805525
 0.29364196 0.29364862 0.29914199 0.30458203 0.3098754  0.3154621
 0.32081547 0.32662884 0.33234888 0.33793559 0.33794225 0.34402896
 0.349429   0.35540237 0.36094241 0.36648244 0.36648911 0.37222915
 0.37825586 0.38369589 0.38997593 0.39594931 0.40179601 0.40770272
 0.41388276 0.41388276 0.42021613 0.4202228  0.42641618 0.42641618
 0.43250288 0.43855626 0.44478297 0.45088301 0.45696971 0.46312975
 0.46313642 0.46943646 0.47564317 0.47564984 0.48248322 0.48843659
 0.49447663 0.50071667 0.50674338 0.51238342 0.51883013 0.52523017
 0.53169021 0.53785025 0.54360362 0.54984367 0.55617037 0.56185041
 0.56790379 0.57417716 0.58002387 0.58643724 0.59241728 0.59859066
 0.60489737 0.61097074 0.61097741 0.61097741 0.61699745 0.61699745
 0.62285082 0.62887086 0.62887086 0.63461756 0.6405976  0.64659764
 0.64660431 0.65228435 0.65841106 0.66461776 0.67024447 0.67610451
 0.68161121 0.68759125 0.68759792 0.69349796 0.69927133 0.7047647
 0.70477137 0.71039807 0.71568477 0.72105814 0.72653818 0.73206488
 0.73207155 0.73746492 0.74273162 0.74273162 0.74749832 0.75273835
 0.75808505 0.76332509 0.76332509 0.76835179 0.77321182 0.77807185
 0.78318522 0.78319189 0.78759858 0.79239195 0.79699198 0.80141868
 0.81059207 0.81504543 0.81959213 0.82377883 0.82795885 0.83216555
 0.83626558 0.84051894 0.8444523  0.84849899 0.85223901 0.85613904
 0.85964573 0.86350576 0.86720578 0.86720578 0.87102581 0.87448583
 0.87803252 0.88161921 0.88499257 0.88831259 0.89159928 0.89482597
 0.89792599 0.90095934 0.90397936 0.90679271 0.90973273 0.91261275
 0.91557277 0.91830612 0.92109947 0.92353949 0.92613951 0.92893953
 0.93139288 0.93379289 0.93599957 0.93833959 0.94049294 0.94267295
 0.94489297 0.94687965 0.94923299 0.95133301 0.95324635 0.95498637
 0.95694638 0.95878639 0.96045974 0.96209308 0.96371976 0.96534644
 0.96703311 0.96864646 0.9700398  0.97149981 0.97297982 0.97422649
 0.97545984 0.97674651 0.97675318 0.97802652 0.97922653 0.98042654
 0.98153988 0.98253988 0.98367322 0.98462656 0.98562657 0.98647991
 0.98747992 0.98824659 0.98901326 0.98975993 0.9905666  0.99126661
 0.99201328 0.99266662 0.99325996 0.99387329 0.99431996 0.99486663
 0.9954133  0.99599997 0.99650664 0.99683331 0.99726665 0.99767998
 0.99801332 0.99825332 0.99851999 0.99885333 0.99920666 0.99948
 0.99971333 1.        ],[2.         1.         0.99609375 0.99414062 0.9921875  0.99023438
 0.98828125 0.984375   0.98046875 0.9765625  0.97265625 0.96875
 0.96484375 0.9609375  0.95703125 0.953125   0.95117188 0.94921875
 0.9453125  0.94140625 0.9375     0.93359375 0.9296875  0.92578125
 0.921875   0.91796875 0.91738281 0.9140625  0.91015625 0.90625
 0.90234375 0.8984375  0.89453125 0.890625   0.88671875 0.8828125
 0.87890625 0.875      0.87109375 0.86848958 0.8671875  0.86328125
 0.859375   0.85546875 0.8515625  0.84765625 0.84375    0.83984375
 0.8359375  0.83203125 0.828125   0.82421875 0.8203125  0.81640625
 0.8125     0.80859375 0.8046875  0.80078125 0.796875   0.79296875
 0.7890625  0.78515625 0.78125    0.77864583 0.77734375 0.7734375
 0.76953125 0.765625   0.76171875 0.7578125  0.75390625 0.75
 0.74609375 0.7421875  0.73828125 0.734375   0.73046875 0.7265625
 0.72265625 0.72070312 0.71875    0.71484375 0.7109375  0.70703125
 0.703125   0.69921875 0.6953125  0.69140625 0.6875093  0.6875
 0.68359375 0.6796875  0.67578125 0.671875   0.67109375 0.66796875
 0.6640625  0.66015625 0.65625    0.65234375 0.6484375  0.64453125
 0.640625   0.63802083 0.63671875 0.63378906 0.6328125  0.63248698
 0.62890625 0.625      0.62109375 0.6171875  0.61328125 0.609375
 0.60807292 0.60546875 0.6015625  0.59866071 0.59765625 0.59375
 0.58984375 0.5859375  0.58203125 0.578125   0.57421875 0.5703125
 0.56640625 0.5625     0.55859375 0.5546875  0.55078125 0.546875
 0.54296875 0.5390625  0.53515625 0.53125    0.52734375 0.5234375
 0.51953125 0.515625   0.51529948 0.51335565 0.51171875 0.50976562
 0.5078125  0.50390625 0.50351562 0.5        0.49609375 0.4921875
 0.49179687 0.48828125 0.484375   0.48046875 0.4765625  0.47265625
 0.46875    0.46484375 0.46179315 0.4609375  0.45703125 0.453125
 0.45117188 0.44921875 0.4453125  0.44140625 0.4375     0.43359375
 0.43261719 0.4296875  0.42578125 0.42213542 0.421875   0.41796875
 0.4140625  0.41015625 0.40755208 0.40625    0.40234375 0.3984375
 0.39453125 0.39257812 0.390625   0.38671875 0.3828125  0.37890625
 0.37109375 0.3671875  0.36328125 0.359375   0.35546875 0.3515625
 0.34765625 0.34375    0.33984375 0.3359375  0.33203125 0.328125
 0.32421875 0.3203125  0.31640625 0.31510417 0.3125     0.30859375
 0.3046875  0.30078125 0.296875   0.29296875 0.2890625  0.28515625
 0.28125    0.27734375 0.2734375  0.26953125 0.265625   0.26171875
 0.2578125  0.25390625 0.25       0.24609375 0.2421875  0.23828125
 0.234375   0.23046875 0.2265625  0.22265625 0.21875    0.21484375
 0.2109375  0.20703125 0.203125   0.19921875 0.1953125  0.19140625
 0.1875     0.18359375 0.1796875  0.17578125 0.171875   0.16796875
 0.1640625  0.16015625 0.15625    0.15234375 0.1484375  0.14453125
 0.140625   0.13671875 0.13541667 0.1328125  0.12890625 0.125
 0.12109375 0.1171875  0.11328125 0.109375   0.10546875 0.1015625
 0.09765625 0.09375    0.08984375 0.0859375  0.08203125 0.078125
 0.07421875 0.0703125  0.06640625 0.0625     0.05859375 0.0546875
 0.05078125 0.046875   0.04296875 0.0390625  0.03515625 0.03125
 0.02734375 0.0234375  0.01953125 0.015625   0.01171875 0.0078125
 0.00390625 0.        ]
400,[0.00000000e+00 6.66666667e-05 1.40000000e-04 1.86666667e-04
 2.40000000e-04 3.40000000e-04 3.40000000e-04 4.33333333e-04
 4.40000000e-04 5.53333333e-04 6.33333333e-04 7.66666667e-04
 8.40000000e-04 1.02000000e-03 1.12666667e-03 1.25333333e-03
 1.40000000e-03 1.58000000e-03 1.78000000e-03 1.98666667e-03
 2.17333333e-03 2.38000000e-03 2.38000000e-03 2.62666667e-03
 2.82666667e-03 3.08666667e-03 3.33333333e-03 3.57333333e-03
 3.76000000e-03 4.01333333e-03 4.39333333e-03 4.66000000e-03
 4.88666667e-03 5.24000000e-03 5.24000000e-03 5.55333333e-03
 5.89333333e-03 5.89333333e-03 6.22666667e-03 6.59333333e-03
 6.94000000e-03 7.26000000e-03 7.67333333e-03 8.03333333e-03
 8.43333333e-03 8.92000000e-03 9.38000000e-03 9.88666667e-03
 1.03933333e-02 1.03933333e-02 1.08600000e-02 1.13533333e-02
 1.19200000e-02 1.25333333e-02 1.25333333e-02 1.30800000e-02
 1.36533333e-02 1.42266667e-02 1.48333333e-02 1.55000000e-02
 1.60866667e-02 1.68533333e-02 1.75533333e-02 1.82000000e-02
 1.89066667e-02 1.95133333e-02 1.95133333e-02 2.02200000e-02
 2.02200000e-02 2.09200000e-02 2.17333333e-02 2.24933333e-02
 2.32600000e-02 2.41933333e-02 2.51133333e-02 2.58266667e-02
 2.67733333e-02 2.75600000e-02 2.84400000e-02 2.94133333e-02
 3.02666667e-02 3.12000000e-02 3.22600000e-02 3.31200000e-02
 3.39800000e-02 3.50866667e-02 3.50866667e-02 3.61200000e-02
 3.71600000e-02 3.82133333e-02 3.93333333e-02 4.04133333e-02
 4.15133333e-02 4.27133333e-02 4.38066667e-02 4.48600000e-02
 4.61200000e-02 4.74066667e-02 4.86600000e-02 4.99733333e-02
 5.13066667e-02 5.24600000e-02 5.24600000e-02 5.38000000e-02
 5.52266667e-02 5.66266667e-02 5.80866667e-02 5.96200000e-02
 6.12066667e-02 6.26866667e-02 6.42266667e-02 6.61533333e-02
 6.79266667e-02 6.79266667e-02 6.94133333e-02 7.12600000e-02
 7.29466667e-02 7.45733333e-02 7.63200000e-02 7.82533333e-02
 8.01066667e-02 8.20600000e-02 8.20600000e-02 8.39733333e-02
 8.58800000e-02 8.77333333e-02 8.98800000e-02 9.17200000e-02
 9.36066667e-02 9.56533333e-02 9.76666667e-02 9.95600000e-02
 1.01713333e-01 1.03720000e-01 1.06046667e-01 1.08146667e-01
 1.10233333e-01 1.12600000e-01 1.14906667e-01 1.17060000e-01
 1.19333333e-01 1.21426667e-01 1.23860000e-01 1.26306667e-01
 1.28733333e-01 1.31206667e-01 1.33726667e-01 1.36313333e-01
 1.38840000e-01 1.41313333e-01 1.43786667e-01 1.43786667e-01
 1.46586667e-01 1.49273333e-01 1.51946667e-01 1.54700000e-01
 1.54700000e-01 1.57686667e-01 1.60420000e-01 1.60426667e-01
 1.63146667e-01 1.65860000e-01 1.68780000e-01 1.68786667e-01
 1.68786667e-01 1.71533333e-01 1.74640000e-01 1.77626667e-01
 1.80726667e-01 1.83946667e-01 1.83946667e-01 1.87073333e-01
 1.90173333e-01 1.90173333e-01 1.93233333e-01 1.96320000e-01
 1.99480000e-01 2.02693333e-01 2.05360000e-01 2.08713333e-01
 2.11880000e-01 2.15240000e-01 2.18506667e-01 2.21633333e-01
 2.24573333e-01 2.24573333e-01 2.28033333e-01 2.31440000e-01
 2.34813333e-01 2.38033333e-01 2.41506667e-01 2.45140000e-01
 2.49020000e-01 2.52393333e-01 2.56000000e-01 2.59806667e-01
 2.63286667e-01 2.63286667e-01 2.66906667e-01 2.70446667e-01
 2.74113333e-01 2.77513333e-01 2.80940000e-01 2.84800000e-01
 2.88453333e-01 2.92420000e-01 2.96213333e-01 2.99846667e-01
 3.03620000e-01 3.07413333e-01 3.11286667e-01 3.15153333e-01
 3.18853333e-01 3.18860000e-01 3.22846667e-01 3.22846667e-01
 3.26586667e-01 3.30440000e-01 3.34780000e-01 3.39226667e-01
 3.43406667e-01 3.47560000e-01 3.47566667e-01 3.51573333e-01
 3.55353333e-01 3.59460000e-01 3.63686667e-01 3.67720000e-01
 3.67726667e-01 3.71946667e-01 3.76013333e-01 3.80193333e-01
 3.84200000e-01 3.88246667e-01 3.92160000e-01 3.96506667e-01
 4.00460000e-01 4.04646667e-01 4.08980000e-01 4.08980000e-01
 4.13400000e-01 4.17420000e-01 4.21633333e-01 4.21633333e-01
 4.25800000e-01 4.30206667e-01 4.34686667e-01 4.38753333e-01
 4.42933333e-01 4.47333333e-01 4.51453333e-01 4.51453333e-01
 4.55693333e-01 4.59720000e-01 4.63746667e-01 4.68280000e-01
 4.72413333e-01 4.72420000e-01 4.76826667e-01 4.81126667e-01
 4.85526667e-01 4.89793333e-01 4.94013333e-01 4.98360000e-01
 5.02886667e-01 5.07106667e-01 5.11373333e-01 5.15793333e-01
 5.15800000e-01 5.19966667e-01 5.19973333e-01 5.24280000e-01
 5.28493333e-01 5.32760000e-01 5.32760000e-01 5.36773333e-01
 5.36780000e-01 5.40806667e-01 5.44893333e-01 5.49366667e-01
 5.53906667e-01 5.58173333e-01 5.62393333e-01 5.66673333e-01
 5.71033333e-01 5.75253333e-01 5.79580000e-01 5.83846667e-01
 5.88186667e-01 5.92206667e-01 5.96380000e-01 6.00693333e-01
 6.04473333e-01 6.08726667e-01 6.12753333e-01 6.17120000e-01
 6.21400000e-01 6.25493333e-01 6.25500000e-01 6.29793333e-01
 6.33900000e-01 6.37980000e-01 6.41686667e-01 6.45593333e-01
 6.49840000e-01 6.54153333e-01 6.57926667e-01 6.61806667e-01
 6.65846667e-01 6.69846667e-01 6.73640000e-01 6.77673333e-01
 6.81860000e-01 6.85666667e-01 6.89693333e-01 6.93120000e-01
 6.96960000e-01 7.01000000e-01 7.04980000e-01 7.08566667e-01
 7.12473333e-01 7.16433333e-01 7.20200000e-01 7.23820000e-01
 7.27546667e-01 7.31066667e-01 7.34520000e-01 7.38166667e-01
 7.41920000e-01 7.45773333e-01 7.49266667e-01 7.53213333e-01
 7.56720000e-01 7.60333333e-01 7.63713333e-01 7.67173333e-01
 7.70573333e-01 7.74053333e-01 7.77240000e-01 7.80320000e-01
 7.83700000e-01 7.87186667e-01 7.90480000e-01 7.93986667e-01
 7.97420000e-01 8.01133333e-01 8.04406667e-01 8.07586667e-01
 8.10580000e-01 8.13613333e-01 8.16846667e-01 8.20133333e-01
 8.23346667e-01 8.26486667e-01 8.29500000e-01 8.32666667e-01
 8.35546667e-01 8.38526667e-01 8.41720000e-01 8.44673333e-01
 8.47513333e-01 8.50366667e-01 8.53226667e-01 8.56193333e-01
 8.59166667e-01 8.61900000e-01 8.64733333e-01 8.67700000e-01
 8.70280000e-01 8.73093333e-01 8.75526667e-01 8.78373333e-01
 8.80946667e-01 8.83626667e-01 8.86300000e-01 8.88653333e-01
 8.90826667e-01 8.93253333e-01 8.95733333e-01 8.98086667e-01
 9.00366667e-01 9.02626667e-01 9.02633333e-01 9.04873333e-01
 9.07373333e-01 9.09513333e-01 9.11820000e-01 9.13960000e-01
 9.16200000e-01 9.16200000e-01 9.18513333e-01 9.20613333e-01
 9.22540000e-01 9.24580000e-01 9.26746667e-01 9.28893333e-01
 9.30966667e-01 9.33153333e-01 9.35180000e-01 9.37266667e-01
 9.39353333e-01 9.41313333e-01 9.43180000e-01 9.45093333e-01
 9.46733333e-01 9.48553333e-01 9.50453333e-01 9.52040000e-01
 9.53793333e-01 9.55606667e-01 9.57553333e-01 9.59366667e-01
 9.60940000e-01 9.62740000e-01 9.64306667e-01 9.65986667e-01
 9.67506667e-01 9.69193333e-01 9.70726667e-01 9.72293333e-01
 9.74020000e-01 9.75540000e-01 9.76766667e-01 9.78220000e-01
 9.79613333e-01 9.81066667e-01 9.82366667e-01 9.83740000e-01
 9.85146667e-01 9.86293333e-01 9.87500000e-01 9.88800000e-01
 9.90186667e-01 9.91540000e-01 9.92800000e-01 9.94186667e-01
 9.95653333e-01 9.97453333e-01 1.00000000e+00],[0.         0.00716671 0.0106734  0.01359342 0.0156601  0.01782679
 0.01783345 0.01967346 0.01967346 0.02152681 0.02352016 0.02546684
 0.02728018 0.02904686 0.03091354 0.03238022 0.0342869  0.03612024
 0.03782025 0.03950026 0.04131361 0.04325362 0.04326029 0.0450403
 0.04679365 0.04856699 0.05041367 0.05226035 0.05406703 0.05582704
 0.05776705 0.05966706 0.06139374 0.06359376 0.06360042 0.06568044
 0.06762712 0.06763378 0.06976713 0.07163381 0.07374049 0.07586051
 0.07792719 0.08002053 0.08227388 0.08426056 0.08656058 0.08876059
 0.09076061 0.09076727 0.09325396 0.09582064 0.09810065 0.10034734
 0.100354   0.10263402 0.10514737 0.10750738 0.10998073 0.11244742
 0.11490743 0.11742078 0.1199808  0.12255415 0.12499417 0.12754085
 0.12754752 0.13004753 0.1300542  0.13281422 0.13528757 0.13815425
 0.14102761 0.14390763 0.14639431 0.14925433 0.15208768 0.15484103
 0.15786772 0.16060774 0.16352776 0.16654111 0.16935446 0.17214115
 0.17518117 0.17792785 0.17793452 0.18096121 0.18367456 0.18672124
 0.1896146  0.19260128 0.1955413  0.19844132 0.20178801 0.20488803
 0.20778139 0.21071474 0.21401476 0.21706811 0.2200748  0.22312815
 0.22313482 0.22614817 0.22912153 0.23234822 0.23556157 0.23893493
 0.24227495 0.2456883  0.24882833 0.25204168 0.25536837 0.25537504
 0.25860172 0.26182841 0.26514843 0.26871512 0.27206181 0.2752285
 0.27864186 0.28204188 0.28204855 0.28527524 0.28863526 0.29217528
 0.29574864 0.29901533 0.30240868 0.30590204 0.30958206 0.31298875
 0.31638878 0.3199288  0.32356216 0.32730218 0.33136888 0.3348489
 0.33866892 0.34227562 0.34585564 0.34960233 0.35308902 0.35669571
 0.36064907 0.36429576 0.36786245 0.37160248 0.3753625  0.37889586
 0.38235588 0.38236255 0.38624924 0.39046927 0.39432263 0.39812265
 0.39812932 0.40192268 0.40588271 0.40588271 0.40956273 0.41338276
 0.41717611 0.41717611 0.41718278 0.42110281 0.4247895  0.42882953
 0.43251622 0.43622957 0.43623624 0.44029627 0.44408296 0.44408963
 0.44812965 0.45207635 0.45648304 0.46048974 0.46453643 0.46852312
 0.47240315 0.47658318 0.48050987 0.48438323 0.48854992 0.48855659
 0.49258995 0.49643664 0.50032334 0.5046367  0.50839006 0.51232342
 0.51650344 0.5203568  0.52441683 0.52859019 0.53255688 0.53256355
 0.53664358 0.54065027 0.5445903  0.54842366 0.55248368 0.55635038
 0.56031707 0.56403709 0.56779045 0.57151714 0.57533717 0.57938386
 0.58338389 0.58743725 0.59161061 0.59161061 0.59550397 0.5955173
 0.59937733 0.60345736 0.60695738 0.61075074 0.61489743 0.61887079
 0.61887079 0.62277749 0.62659751 0.6302642  0.63419756 0.63790425
 0.63790425 0.64184428 0.6454243  0.64937766 0.65355102 0.65723771
 0.66120441 0.66504443 0.66869779 0.67227782 0.67609784 0.67610451
 0.6798312  0.68336456 0.68690458 0.68691125 0.69057127 0.6942513
 0.69799132 0.70164468 0.7054647  0.70916473 0.71284475 0.71285142
 0.71648478 0.71987813 0.72324482 0.72661151 0.72987153 0.72987153
 0.73326489 0.73677158 0.74025827 0.74361162 0.74715165 0.75051167
 0.75385169 0.75719838 0.7604184  0.76363842 0.76363842 0.76678511
 0.76678511 0.77004513 0.77304515 0.77619184 0.77619851 0.7794652
 0.7794652  0.78229855 0.78532524 0.78841859 0.79147194 0.79459863
 0.79756532 0.80036534 0.80356536 0.80633871 0.8093054  0.81207208
 0.81490543 0.81787879 0.82074547 0.82340549 0.82609884 0.82885219
 0.83152554 0.83412556 0.83657224 0.83911226 0.83911226 0.84167228
 0.84439896 0.84695898 0.84955233 0.85191901 0.85439236 0.85705905
 0.85942573 0.86196575 0.86430576 0.86681245 0.86899913 0.87132581
 0.87355249 0.87591251 0.87803919 0.8802992  0.88244588 0.8847059
 0.88683925 0.88884593 0.89097261 0.89323262 0.89526597 0.89716598
 0.89909266 0.90117934 0.90287269 0.90500603 0.90696605 0.90881939
 0.91078607 0.91269942 0.91427943 0.91620611 0.91804612 0.91962613
 0.92127281 0.92293949 0.9245195  0.92611951 0.92781952 0.92935953
 0.93106621 0.93260622 0.93422623 0.9355729  0.93703291 0.93849959
 0.93990627 0.94131961 0.94278629 0.94418629 0.94565297 0.94720631
 0.94857299 0.94982633 0.95111301 0.95236635 0.95361969 0.95483303
 0.95599971 0.95707971 0.95808639 0.95925973 0.96037974 0.96160641
 0.96262642 0.96363309 0.96464643 0.96565977 0.96663311 0.96764645
 0.96859312 0.96956646 0.9706398  0.97161314 0.97269982 0.97363316
 0.97459316 0.9753465  0.97605984 0.97687318 0.97687318 0.97765318
 0.97845319 0.97912653 0.97987987 0.9805532  0.98130654 0.98131321
 0.98213988 0.98278655 0.98334656 0.98391323 0.9845599  0.98517323
 0.98581324 0.98643324 0.98695991 0.98750658 0.98805992 0.98864659
 0.98921326 0.98965993 0.9901466  0.99059994 0.99103327 0.99149994
 0.99195995 0.99243328 0.99286662 0.99321995 0.99359996 0.99396663
 0.9942533  0.9946133  0.99501997 0.99527997 0.99557997 0.99593997
 0.99622664 0.99646664 0.99683998 0.99713998 0.99739332 0.99759332
 0.99782665 0.99805332 0.99826666 0.99839332 0.99859332 0.99871332
 0.99890666 0.99913333 0.99933333 0.99953333 0.99968    0.99982667
 1.        ],[2.         1.         0.9975     0.995      0.9925     0.99
 0.98875    0.9875     0.98625    0.985      0.9825     0.98
 0.9775     0.975      0.9725     0.97       0.9675     0.965
 0.9625     0.96       0.9575     0.955      0.95375    0.9525
 0.95       0.9475     0.945      0.9425     0.94       0.9375
 0.935      0.9325     0.93       0.9275     0.92666667 0.925
 0.9225     0.92041667 0.92       0.9175     0.915      0.9125
 0.91       0.9075     0.905      0.9025     0.9        0.8975
 0.895      0.89375    0.8925     0.89       0.8875     0.885
 0.88333333 0.8825     0.88       0.8775     0.875      0.8725
 0.87       0.8675     0.865      0.8625     0.86       0.8575
 0.85666667 0.855      0.853125   0.8525     0.85       0.8475
 0.845      0.8425     0.84       0.8375     0.835      0.8325
 0.83       0.8275     0.825      0.8225     0.82       0.8175
 0.815      0.8125     0.81125    0.81       0.8075     0.805
 0.8025     0.8        0.7975     0.795      0.7925     0.79
 0.7875     0.785      0.7825     0.78       0.7775     0.775
 0.77375    0.7725     0.77       0.7675     0.765      0.7625
 0.76       0.7575     0.755      0.7525     0.75       0.74883333
 0.7475     0.745      0.7425     0.74       0.7375     0.735
 0.7325     0.73       0.72875    0.7275     0.725      0.7225
 0.72       0.7175     0.715      0.7125     0.71       0.7075
 0.705      0.7025     0.7        0.6975     0.695      0.6925
 0.69       0.6875     0.685      0.6825     0.68       0.6775
 0.675      0.6725     0.67       0.6675     0.665      0.6625
 0.66       0.65754762 0.6575     0.655      0.6525     0.65
 0.64954167 0.6475     0.645      0.64333333 0.6425     0.64
 0.6375     0.63729167 0.635625   0.635      0.6325     0.63
 0.6275     0.625      0.62416667 0.6225     0.62       0.618
 0.6175     0.615      0.6125     0.61       0.6075     0.605
 0.6025     0.6        0.5975     0.595      0.5925     0.59126786
 0.59       0.5875     0.585      0.5825     0.58       0.5775
 0.575      0.5725     0.57       0.5675     0.565      0.564375
 0.5625     0.56       0.5575     0.555      0.5525     0.55
 0.5475     0.545      0.5425     0.54       0.5375     0.535
 0.5325     0.53       0.5275     0.52558333 0.525      0.52279167
 0.5225     0.52       0.5175     0.515      0.5125     0.51
 0.50875    0.5075     0.505      0.5025     0.5        0.4975
 0.49704762 0.495      0.4925     0.49       0.4875     0.485
 0.4825     0.48       0.4775     0.475      0.4725     0.471875
 0.47       0.4675     0.465      0.46375    0.4625     0.46
 0.4575     0.455      0.4525     0.45       0.4475     0.44517262
 0.445      0.4425     0.44       0.4375     0.435      0.434375
 0.4325     0.43       0.4275     0.425      0.4225     0.42
 0.4175     0.415      0.4125     0.41       0.40833333 0.4075
 0.40504167 0.405      0.4025     0.4        0.39770833 0.3975
 0.39666667 0.395      0.3925     0.39       0.3875     0.385
 0.3825     0.38       0.3775     0.375      0.3725     0.37
 0.3675     0.365      0.3625     0.36       0.3575     0.355
 0.3525     0.35       0.3475     0.345      0.34416667 0.3425
 0.34       0.3375     0.335      0.3325     0.33       0.3275
 0.325      0.3225     0.32       0.3175     0.315      0.3125
 0.31       0.3075     0.305      0.3025     0.3        0.2975
 0.295      0.2925     0.29       0.2875     0.285      0.2825
 0.28       0.2775     0.275      0.2725     0.27       0.2675
 0.265      0.2625     0.26       0.2575     0.255      0.2525
 0.25       0.2475     0.245      0.2425     0.24       0.2375
 0.235      0.2325     0.23       0.2275     0.225      0.2225
 0.22       0.2175     0.215      0.2125     0.21       0.2075
 0.205      0.2025     0.2        0.1975     0.195      0.1925
 0.19       0.1875     0.185      0.1825     0.18       0.1775
 0.175      0.1725     0.17       0.1675     0.165      0.1625
 0.16       0.1575     0.155      0.1525     0.15       0.1475
 0.145      0.1425     0.14       0.1375     0.1355     0.135
 0.1325     0.13       0.1275     0.125      0.1225     0.12166667
 0.12       0.1175     0.115      0.1125     0.11       0.1075
 0.105      0.1025     0.1        0.0975     0.095      0.0925
 0.09       0.0875     0.085      0.0825     0.08       0.0775
 0.075      0.0725     0.07       0.0675     0.065      0.0625
 0.06       0.0575     0.055      0.0525     0.05       0.0475
 0.045      0.0425     0.04       0.0375     0.035      0.0325
 0.03       0.0275     0.025      0.0225     0.02       0.0175
 0.015      0.0125     0.01       0.0075     0.005      0.0025
 0.        ]
576,[0.00000000e+00 4.00000000e-05 9.33333333e-05 1.46666667e-04
 1.60000000e-04 2.33333333e-04 2.66666667e-04 3.20000000e-04
 3.20000000e-04 3.86666667e-04 3.93333333e-04 4.46666667e-04
 5.26666667e-04 6.06666667e-04 6.86666667e-04 7.73333333e-04
 8.06666667e-04 8.80000000e-04 1.00000000e-03 1.10666667e-03
 1.17333333e-03 1.28666667e-03 1.34666667e-03 1.46666667e-03
 1.60666667e-03 1.75333333e-03 1.94000000e-03 2.06666667e-03
 2.06666667e-03 2.20000000e-03 2.36000000e-03 2.51333333e-03
 2.64000000e-03 2.78666667e-03 2.94666667e-03 3.17333333e-03
 3.31333333e-03 3.52666667e-03 3.66000000e-03 3.80666667e-03
 3.97333333e-03 4.14000000e-03 4.24666667e-03 4.24666667e-03
 4.47333333e-03 4.64666667e-03 4.87333333e-03 5.08666667e-03
 5.34666667e-03 5.64000000e-03 5.88000000e-03 6.08666667e-03
 6.29333333e-03 6.58000000e-03 6.77333333e-03 6.98000000e-03
 6.98000000e-03 7.20666667e-03 7.47333333e-03 7.47333333e-03
 7.74000000e-03 8.06000000e-03 8.36666667e-03 8.64000000e-03
 9.02000000e-03 9.31333333e-03 9.69333333e-03 1.00600000e-02
 1.03733333e-02 1.07066667e-02 1.10066667e-02 1.13133333e-02
 1.17333333e-02 1.21600000e-02 1.25733333e-02 1.29866667e-02
 1.34133333e-02 1.38266667e-02 1.42000000e-02 1.45666667e-02
 1.45666667e-02 1.50000000e-02 1.54933333e-02 1.59466667e-02
 1.64733333e-02 1.68533333e-02 1.73333333e-02 1.78533333e-02
 1.82800000e-02 1.87666667e-02 1.93000000e-02 1.98266667e-02
 2.02733333e-02 2.07600000e-02 2.12200000e-02 2.17266667e-02
 2.17266667e-02 2.22533333e-02 2.28400000e-02 2.33800000e-02
 2.38933333e-02 2.44533333e-02 2.44533333e-02 2.49466667e-02
 2.55266667e-02 2.61466667e-02 2.67866667e-02 2.73466667e-02
 2.79866667e-02 2.85466667e-02 2.91666667e-02 2.97933333e-02
 3.04200000e-02 3.10600000e-02 3.17200000e-02 3.23866667e-02
 3.31066667e-02 3.38666667e-02 3.45666667e-02 3.51800000e-02
 3.59800000e-02 3.66800000e-02 3.74400000e-02 3.81133333e-02
 3.88733333e-02 3.97066667e-02 4.04666667e-02 4.04666667e-02
 4.12200000e-02 4.20200000e-02 4.27733333e-02 4.36466667e-02
 4.44533333e-02 4.52333333e-02 4.61733333e-02 4.70466667e-02
 4.77800000e-02 4.86133333e-02 4.95800000e-02 5.04733333e-02
 5.13333333e-02 5.23666667e-02 5.33400000e-02 5.43400000e-02
 5.43400000e-02 5.54133333e-02 5.65200000e-02 5.75000000e-02
 5.85866667e-02 5.95466667e-02 6.05000000e-02 6.15866667e-02
 6.15866667e-02 6.26533333e-02 6.38600000e-02 6.49266667e-02
 6.60533333e-02 6.71600000e-02 6.83733333e-02 6.96066667e-02
 7.08600000e-02 7.19400000e-02 7.30066667e-02 7.42466667e-02
 7.53466667e-02 7.65133333e-02 7.78600000e-02 7.90866667e-02
 7.90866667e-02 8.03133333e-02 8.16400000e-02 8.30466667e-02
 8.42666667e-02 8.55466667e-02 8.68600000e-02 8.81600000e-02
 8.95666667e-02 9.13866667e-02 9.28133333e-02 9.41666667e-02
 9.55466667e-02 9.70333333e-02 9.83333333e-02 9.97266667e-02
 1.01160000e-01 1.02593333e-01 1.04073333e-01 1.05460000e-01
 1.07133333e-01 1.08760000e-01 1.10340000e-01 1.11740000e-01
 1.13313333e-01 1.15193333e-01 1.16706667e-01 1.18246667e-01
 1.19806667e-01 1.21373333e-01 1.23060000e-01 1.24733333e-01
 1.26246667e-01 1.27753333e-01 1.29393333e-01 1.31046667e-01
 1.32900000e-01 1.34673333e-01 1.36513333e-01 1.38306667e-01
 1.40026667e-01 1.41806667e-01 1.43726667e-01 1.45646667e-01
 1.45646667e-01 1.47260000e-01 1.49373333e-01 1.51186667e-01
 1.53040000e-01 1.53040000e-01 1.54760000e-01 1.56646667e-01
 1.56653333e-01 1.58446667e-01 1.60406667e-01 1.62286667e-01
 1.64240000e-01 1.66206667e-01 1.68320000e-01 1.68320000e-01
 1.70080000e-01 1.72293333e-01 1.74426667e-01 1.74426667e-01
 1.76600000e-01 1.78500000e-01 1.80660000e-01 1.82673333e-01
 1.84800000e-01 1.84800000e-01 1.86940000e-01 1.86946667e-01
 1.89280000e-01 1.91366667e-01 1.93466667e-01 1.95633333e-01
 1.97806667e-01 1.97806667e-01 1.99780000e-01 2.02006667e-01
 2.04186667e-01 2.06393333e-01 2.08440000e-01 2.10953333e-01
 2.13280000e-01 2.15513333e-01 2.17733333e-01 2.19853333e-01
 2.22180000e-01 2.24600000e-01 2.27026667e-01 2.29533333e-01
 2.31640000e-01 2.33820000e-01 2.36006667e-01 2.36006667e-01
 2.38386667e-01 2.40653333e-01 2.42946667e-01 2.45500000e-01
 2.47946667e-01 2.50326667e-01 2.52540000e-01 2.55226667e-01
 2.57706667e-01 2.60346667e-01 2.62946667e-01 2.65406667e-01
 2.68080000e-01 2.70700000e-01 2.72926667e-01 2.75526667e-01
 2.78073333e-01 2.80746667e-01 2.83166667e-01 2.85660000e-01
 2.88120000e-01 2.88120000e-01 2.90800000e-01 2.93486667e-01
 2.96046667e-01 2.98653333e-01 3.01073333e-01 3.04020000e-01
 3.06673333e-01 3.09320000e-01 3.11960000e-01 3.11960000e-01
 3.14653333e-01 3.14660000e-01 3.17540000e-01 3.20373333e-01
 3.23260000e-01 3.26346667e-01 3.29113333e-01 3.31953333e-01
 3.34793333e-01 3.34793333e-01 3.37566667e-01 3.40200000e-01
 3.43233333e-01 3.46046667e-01 3.48653333e-01 3.48653333e-01
 3.48660000e-01 3.51506667e-01 3.54480000e-01 3.57266667e-01
 3.57273333e-01 3.59873333e-01 3.62813333e-01 3.65420000e-01
 3.68240000e-01 3.68240000e-01 3.71106667e-01 3.73866667e-01
 3.76606667e-01 3.79486667e-01 3.82480000e-01 3.82480000e-01
 3.85426667e-01 3.88273333e-01 3.91373333e-01 3.94293333e-01
 3.97320000e-01 4.00273333e-01 4.03360000e-01 4.06026667e-01
 4.09060000e-01 4.11853333e-01 4.14660000e-01 4.17620000e-01
 4.20426667e-01 4.20426667e-01 4.23560000e-01 4.23560000e-01
 4.26173333e-01 4.29020000e-01 4.31926667e-01 4.34853333e-01
 4.37740000e-01 4.40740000e-01 4.43626667e-01 4.46680000e-01
 4.49786667e-01 4.52833333e-01 4.52833333e-01 4.55686667e-01
 4.55693333e-01 4.58500000e-01 4.61533333e-01 4.64366667e-01
 4.67340000e-01 4.70700000e-01 4.73720000e-01 4.76900000e-01
 4.79666667e-01 4.82773333e-01 4.85586667e-01 4.88513333e-01
 4.91653333e-01 4.94613333e-01 4.97626667e-01 5.00566667e-01
 5.03726667e-01 5.06553333e-01 5.09480000e-01 5.12293333e-01
 5.15413333e-01 5.18420000e-01 5.21366667e-01 5.24433333e-01
 5.27220000e-01 5.29966667e-01 5.29973333e-01 5.32993333e-01
 5.35793333e-01 5.38806667e-01 5.41946667e-01 5.41953333e-01
 5.45053333e-01 5.47833333e-01 5.47840000e-01 5.50573333e-01
 5.53426667e-01 5.56420000e-01 5.59646667e-01 5.59646667e-01
 5.62660000e-01 5.65913333e-01 5.69000000e-01 5.72026667e-01
 5.75140000e-01 5.78126667e-01 5.78126667e-01 5.81120000e-01
 5.84020000e-01 5.86680000e-01 5.89746667e-01 5.92773333e-01
 5.95713333e-01 5.98726667e-01 6.01626667e-01 6.04380000e-01
 6.07106667e-01 6.10173333e-01 6.12866667e-01 6.15753333e-01
 6.18753333e-01 6.21433333e-01 6.24446667e-01 6.27393333e-01
 6.30393333e-01 6.32993333e-01 6.35800000e-01 6.38520000e-01
 6.38526667e-01 6.41406667e-01 6.44213333e-01 6.47166667e-01
 6.49973333e-01 6.53080000e-01 6.55953333e-01 6.58693333e-01
 6.61206667e-01 6.63913333e-01 6.66713333e-01 6.69493333e-01
 6.72140000e-01 6.74833333e-01 6.77500000e-01 6.80306667e-01
 6.83046667e-01 6.85826667e-01 6.88506667e-01 6.91060000e-01
 6.93760000e-01 6.96460000e-01 6.99140000e-01 7.01840000e-01
 7.04440000e-01 7.07153333e-01 7.09786667e-01 7.12433333e-01
 7.15033333e-01 7.17753333e-01 7.20486667e-01 7.23106667e-01
 7.25660000e-01 7.28166667e-01 7.30653333e-01 7.33273333e-01
 7.35886667e-01 7.38406667e-01 7.41060000e-01 7.43386667e-01
 7.45846667e-01 7.48366667e-01 7.50960000e-01 7.53453333e-01
 7.55933333e-01 7.58506667e-01 7.60920000e-01 7.63246667e-01
 7.65860000e-01 7.68260000e-01 7.70646667e-01 7.73220000e-01
 7.75660000e-01 7.78153333e-01 7.80253333e-01 7.82393333e-01
 7.84753333e-01 7.87126667e-01 7.89453333e-01 7.91626667e-01
 7.94113333e-01 7.96406667e-01 7.98706667e-01 8.01000000e-01
 8.01000000e-01 8.03140000e-01 8.05273333e-01 8.07466667e-01
 8.09986667e-01 8.12240000e-01 8.14513333e-01 8.16853333e-01
 8.19000000e-01 8.20993333e-01 8.23100000e-01 8.25253333e-01
 8.27420000e-01 8.29633333e-01 8.31780000e-01 8.34060000e-01
 8.36000000e-01 8.38226667e-01 8.40273333e-01 8.42260000e-01
 8.44280000e-01 8.46346667e-01 8.48513333e-01 8.50513333e-01
 8.52620000e-01 8.54566667e-01 8.56593333e-01 8.58306667e-01
 8.60253333e-01 8.62246667e-01 8.64266667e-01 8.66380000e-01
 8.68413333e-01 8.70240000e-01 8.72240000e-01 8.74146667e-01
 8.76120000e-01 8.77920000e-01 8.79653333e-01 8.81460000e-01
 8.83220000e-01 8.85040000e-01 8.86813333e-01 8.88453333e-01
 8.90193333e-01 8.92093333e-01 8.93660000e-01 8.95340000e-01
 8.96860000e-01 8.96860000e-01 8.98453333e-01 9.00160000e-01
 9.01700000e-01 9.03046667e-01 9.04580000e-01 9.06040000e-01
 9.07600000e-01 9.07606667e-01 9.09286667e-01 9.11060000e-01
 9.12560000e-01 9.14180000e-01 9.15720000e-01 9.17180000e-01
 9.18700000e-01 9.20146667e-01 9.21680000e-01 9.23146667e-01
 9.24560000e-01 9.26086667e-01 9.27453333e-01 9.28626667e-01
 9.30160000e-01 9.31713333e-01 9.33140000e-01 9.34646667e-01
 9.36006667e-01 9.37420000e-01 9.38886667e-01 9.40266667e-01
 9.41560000e-01 9.43000000e-01 9.44460000e-01 9.45673333e-01
 9.46873333e-01 9.48053333e-01 9.49313333e-01 9.50506667e-01
 9.51940000e-01 9.53313333e-01 9.54426667e-01 9.55586667e-01
 9.56840000e-01 9.58113333e-01 9.59366667e-01 9.60600000e-01
 9.61766667e-01 9.62833333e-01 9.63880000e-01 9.65040000e-01
 9.66086667e-01 9.67360000e-01 9.68206667e-01 9.69306667e-01
 9.70540000e-01 9.71600000e-01 9.72793333e-01 9.73873333e-01
 9.74920000e-01 9.75993333e-01 9.76986667e-01 9.77986667e-01
 9.78920000e-01 9.79700000e-01 9.80673333e-01 9.81646667e-01
 9.82693333e-01 9.83626667e-01 9.84500000e-01 9.85460000e-01
 9.86240000e-01 9.87126667e-01 9.87986667e-01 9.88853333e-01
 9.89713333e-01 9.90720000e-01 9.91546667e-01 9.92553333e-01
 9.93453333e-01 9.94426667e-01 9.95346667e-01 9.96553333e-01
 9.98013333e-01 1.00000000e+00],[0.         0.00603337 0.00889339 0.01099341 0.01286009 0.01453343
 0.01601344 0.01730678 0.01731345 0.01872012 0.01872012 0.0201268
 0.02136014 0.02269348 0.02408016 0.02546684 0.02671351 0.02794685
 0.02918019 0.03043354 0.03172021 0.03308022 0.03418689 0.03532024
 0.03650691 0.03764692 0.03882026 0.04002027 0.04002693 0.04139361
 0.04273362 0.04397363 0.04514697 0.04654031 0.04794699 0.04915366
 0.050487   0.05176035 0.05282035 0.05412036 0.05548037 0.05675371
 0.05808705 0.05809372 0.0594604  0.0607004  0.06213375 0.06342709
 0.06466043 0.06595377 0.06740045 0.06877379 0.07018047 0.07162048
 0.07300049 0.07442716 0.07443383 0.07587384 0.07726052 0.07726718
 0.07872052 0.08008053 0.08173388 0.08330722 0.08486723 0.08639391
 0.08777392 0.0894406  0.09102061 0.09268728 0.09424063 0.09582064
 0.09746065 0.09902733 0.10060067 0.10232735 0.10392736 0.1056607
 0.10763405 0.10923406 0.10924073 0.11086074 0.11260075 0.11410076
 0.11590744 0.11752078 0.11924079 0.12114747 0.12297415 0.12466083
 0.12639418 0.12810085 0.1301142  0.13176088 0.13360089 0.1356009
 0.13560757 0.13743425 0.13941426 0.14144761 0.14328762 0.14514763
 0.1451543  0.14703431 0.14900099 0.15072767 0.15286102 0.1550277
 0.15686771 0.15883439 0.16078774 0.16298109 0.16506777 0.16720111
 0.16920113 0.17113447 0.17301449 0.17510783 0.17700118 0.17912119
 0.18118121 0.18319455 0.1851279  0.18709458 0.18926126 0.19128128
 0.19338796 0.19339462 0.1954013  0.19733465 0.199448   0.20132801
 0.20358136 0.20575471 0.20781472 0.2101014  0.21208141 0.21440143
 0.21676145 0.21896146 0.22107481 0.22324815 0.22554817 0.22778819
 0.22779485 0.23002153 0.23208821 0.23428156 0.23643491 0.23852159
 0.24061494 0.24280162 0.24280829 0.2452083  0.24744832 0.24980833
 0.25198835 0.25434836 0.25662838 0.25894839 0.26134174 0.26360176
 0.26589511 0.26814845 0.2703018  0.27278849 0.27512183 0.27753518
 0.27754185 0.28002187 0.28232855 0.28478857 0.28714191 0.28960193
 0.29209528 0.29446863 0.29685531 0.29925533 0.30156201 0.30398203
 0.30642871 0.30893539 0.31130874 0.31386209 0.31660211 0.31878213
 0.32097547 0.32362882 0.32596884 0.32850886 0.33091554 0.33354889
 0.33595557 0.33844892 0.34094227 0.34342896 0.34594231 0.34871566
 0.35114901 0.35392236 0.35650904 0.35895573 0.36168241 0.36431576
 0.36684911 0.3695158  0.37204915 0.3745025  0.37733585 0.3801092
 0.38268922 0.38544924 0.3854559  0.38806925 0.39086927 0.39342262
 0.39606264 0.39606931 0.39872932 0.40132268 0.40132268 0.40382936
 0.40641604 0.40936273 0.41196941 0.41466943 0.41726945 0.41727612
 0.41988947 0.42236282 0.42506283 0.4250695  0.42769618 0.43038287
 0.43335622 0.43604291 0.43866959 0.43867626 0.44159628 0.44159628
 0.4442763  0.44692298 0.449483   0.45236302 0.45491637 0.45492303
 0.45770305 0.46038307 0.46312309 0.46600977 0.46864979 0.47146314
 0.47424983 0.47709651 0.47989653 0.48281655 0.48579657 0.48836992
 0.49120327 0.49406329 0.49663664 0.49947666 0.50233668 0.50234335
 0.5047967  0.50778339 0.51041674 0.51319675 0.51618344 0.51903013
 0.52158348 0.52427683 0.52707685 0.52984353 0.53270355 0.53522357
 0.53803025 0.54113694 0.54385696 0.54664364 0.54961033 0.55235702
 0.55503703 0.55791039 0.5606304  0.56063707 0.56340376 0.56600377
 0.56865046 0.57168381 0.57417716 0.57698385 0.57969053 0.58221721
 0.58509723 0.5851039  0.58777059 0.58777059 0.59044394 0.59322395
 0.59572397 0.59845732 0.60124401 0.60388403 0.60659071 0.60659738
 0.60940406 0.61207075 0.6148241  0.61742412 0.62029747 0.62030414
 0.62030414 0.62292415 0.62579084 0.62828419 0.62828419 0.63101087
 0.63357089 0.63641091 0.63921759 0.63922426 0.64193761 0.64459096
 0.64725765 0.64985767 0.65235102 0.65235768 0.65500437 0.65755105
 0.6602044  0.66291109 0.6655711  0.66809779 0.67086447 0.67353782
 0.67607784 0.67879119 0.68139121 0.68387789 0.68659124 0.68659791
 0.68931126 0.68931793 0.69185128 0.69460463 0.69721798 0.69952466
 0.70199135 0.70435136 0.70693138 0.70940473 0.71175141 0.71400476
 0.71401143 0.71649144 0.71649144 0.71887813 0.72142481 0.72391816
 0.72627151 0.72845819 0.73091821 0.73337156 0.7355849  0.73781159
 0.7401716  0.74269828 0.7450983  0.74747832 0.74991833 0.75241835
 0.75468503 0.75695838 0.75919173 0.76143841 0.76366509 0.76579177
 0.76815179 0.77011847 0.77230515 0.77468516 0.77468516 0.77683185
 0.77913186 0.78123854 0.78340522 0.78340522 0.7856519  0.78757192
 0.78757192 0.7898386  0.79189195 0.79398529 0.79587864 0.79588531
 0.79806532 0.80022533 0.80219201 0.80403869 0.80591204 0.80800539
 0.80801205 0.81007873 0.81206541 0.81409876 0.81623211 0.81810545
 0.82015213 0.82197215 0.82394549 0.82585217 0.82777219 0.8295722
 0.83165221 0.83339889 0.83518557 0.83693891 0.83862559 0.84035227
 0.84243895 0.84423896 0.84586564 0.84742565 0.84742565 0.84919233
 0.85094567 0.85263235 0.85435236 0.85625904 0.85791239 0.85963906
 0.86135908 0.86309909 0.86497243 0.86654578 0.86819245 0.86971913
 0.87113914 0.87287915 0.8745525  0.87601917 0.87743918 0.87924586
 0.88085921 0.88226588 0.88382589 0.8853859  0.88701258 0.88848592
 0.89000593 0.89122594 0.89265928 0.89395929 0.89539264 0.89697265
 0.89849266 0.89989267 0.90115934 0.90243268 0.90367936 0.9050327
 0.90643938 0.90785272 0.90914606 0.91057274 0.91165274 0.91307942
 0.91423276 0.91553277 0.91675278 0.91801945 0.91917946 0.9203728
 0.92173948 0.92285282 0.92402616 0.92515283 0.92625951 0.92740618
 0.92863952 0.92969286 0.93084621 0.93170621 0.93273288 0.93365956
 0.9346529  0.93585957 0.93586624 0.93686625 0.93795292 0.93887293
 0.9398396  0.94087961 0.94193961 0.94298629 0.94396629 0.94483963
 0.94579964 0.94676631 0.94762632 0.94858632 0.949473   0.95048634
 0.95141968 0.95217968 0.95303969 0.95393303 0.95477303 0.95555304
 0.95639304 0.95719971 0.95791972 0.95874639 0.9595464  0.96017307
 0.96096641 0.96171974 0.96247308 0.96328642 0.96412643 0.9647331
 0.9654531  0.96615977 0.96685978 0.96756645 0.96825979 0.96892646
 0.9695998  0.97033314 0.97107981 0.97170648 0.97228648 0.97286649
 0.97361982 0.97421316 0.9747665  0.97477317 0.97543317 0.97599984
 0.97663318 0.97713318 0.97763985 0.97811985 0.97863319 0.97863319
 0.97919319 0.97970653 0.9803132  0.98077321 0.98121987 0.98177988
 0.98225322 0.98267322 0.98310655 0.98358656 0.98395989 0.98443323
 0.9848799  0.9852999  0.98568657 0.98611991 0.98651991 0.98691325
 0.98729325 0.98759325 0.98793325 0.98824659 0.98871326 0.98910659
 0.9894666  0.98975993 0.99007993 0.9904466  0.99084661 0.99122661
 0.99145994 0.99173994 0.99210661 0.99241995 0.99265995 0.99297995
 0.99320662 0.99341329 0.99364662 0.99389329 0.99410663 0.99441996
 0.99461996 0.9949333  0.99518663 0.9954533  0.9956333  0.99580664
 0.99601331 0.99619997 0.99643331 0.99662664 0.99690665 0.99706665
 0.99722665 0.99736665 0.99751332 0.99767332 0.99784665 0.99798665
 0.99809999 0.99825332 0.99841999 0.99857332 0.99867999 0.99880666
 0.99892666 0.99904666 0.99915999 0.99928666 0.99942    0.99954
 0.99964    0.99975333 0.99987333 1.        ],[2.00000000e+00 1.00000000e+00 9.98263889e-01 9.96527778e-01
 9.94791667e-01 9.93055556e-01 9.91319444e-01 9.89583333e-01
 9.89149306e-01 9.87847222e-01 9.87413194e-01 9.86111111e-01
 9.84375000e-01 9.82638889e-01 9.80902778e-01 9.79166667e-01
 9.77430556e-01 9.75694444e-01 9.73958333e-01 9.72222222e-01
 9.70486111e-01 9.68750000e-01 9.67013889e-01 9.65277778e-01
 9.63541667e-01 9.61805556e-01 9.60069444e-01 9.58333333e-01
 9.57899306e-01 9.56597222e-01 9.54861111e-01 9.53125000e-01
 9.51388889e-01 9.49652778e-01 9.47916667e-01 9.46180556e-01
 9.44444444e-01 9.42708333e-01 9.40972222e-01 9.39236111e-01
 9.37500000e-01 9.35763889e-01 9.34027778e-01 9.33449074e-01
 9.32291667e-01 9.30555556e-01 9.28819444e-01 9.27083333e-01
 9.25347222e-01 9.23611111e-01 9.21875000e-01 9.20138889e-01
 9.18402778e-01 9.16666667e-01 9.14930556e-01 9.13194444e-01
 9.12905093e-01 9.11458333e-01 9.09722222e-01 9.08854167e-01
 9.07986111e-01 9.06250000e-01 9.04513889e-01 9.02777778e-01
 9.01041667e-01 8.99305556e-01 8.97569444e-01 8.95833333e-01
 8.94097222e-01 8.92361111e-01 8.90625000e-01 8.88888889e-01
 8.87152778e-01 8.85416667e-01 8.83680556e-01 8.81944444e-01
 8.80208333e-01 8.78472222e-01 8.76736111e-01 8.75000000e-01
 8.73842593e-01 8.73263889e-01 8.71527778e-01 8.69791667e-01
 8.68055556e-01 8.66319444e-01 8.64583333e-01 8.62847222e-01
 8.61111111e-01 8.59375000e-01 8.57638889e-01 8.55902778e-01
 8.54166667e-01 8.52430556e-01 8.50694444e-01 8.48958333e-01
 8.47656250e-01 8.47222222e-01 8.45486111e-01 8.43750000e-01
 8.42013889e-01 8.40277778e-01 8.39699074e-01 8.38541667e-01
 8.36805556e-01 8.35069444e-01 8.33333333e-01 8.31597222e-01
 8.29861111e-01 8.28125000e-01 8.26388889e-01 8.24652778e-01
 8.22916667e-01 8.21180556e-01 8.19444444e-01 8.17708333e-01
 8.15972222e-01 8.14236111e-01 8.12500000e-01 8.10763889e-01
 8.09027778e-01 8.07291667e-01 8.05555556e-01 8.03819444e-01
 8.02083333e-01 8.00347222e-01 7.98611111e-01 7.97743056e-01
 7.96875000e-01 7.95138889e-01 7.93402778e-01 7.91666667e-01
 7.89930556e-01 7.88194444e-01 7.86458333e-01 7.84722222e-01
 7.82986111e-01 7.81250000e-01 7.79513889e-01 7.77777778e-01
 7.76041667e-01 7.74305556e-01 7.72569444e-01 7.70833333e-01
 7.69965278e-01 7.69097222e-01 7.67361111e-01 7.65625000e-01
 7.63888889e-01 7.62152778e-01 7.60416667e-01 7.58680556e-01
 7.57870370e-01 7.56944444e-01 7.55208333e-01 7.53472222e-01
 7.51736111e-01 7.50000000e-01 7.48263889e-01 7.46527778e-01
 7.44791667e-01 7.43055556e-01 7.41319444e-01 7.39583333e-01
 7.37847222e-01 7.36111111e-01 7.34375000e-01 7.32638889e-01
 7.31770833e-01 7.30902778e-01 7.29166667e-01 7.27430556e-01
 7.25694444e-01 7.23958333e-01 7.22222222e-01 7.20486111e-01
 7.18750000e-01 7.17013889e-01 7.15277778e-01 7.13541667e-01
 7.11805556e-01 7.10069444e-01 7.08333333e-01 7.06597222e-01
 7.04861111e-01 7.03125000e-01 7.01388889e-01 6.99652778e-01
 6.97916667e-01 6.96180556e-01 6.94444444e-01 6.92708333e-01
 6.90972222e-01 6.89236111e-01 6.87500000e-01 6.85763889e-01
 6.84027778e-01 6.82291667e-01 6.80555556e-01 6.78819444e-01
 6.77083333e-01 6.75347222e-01 6.73611111e-01 6.71875000e-01
 6.70138889e-01 6.68402778e-01 6.66666667e-01 6.64930556e-01
 6.63194444e-01 6.61458333e-01 6.59722222e-01 6.57986111e-01
 6.57643022e-01 6.56250000e-01 6.54513889e-01 6.52777778e-01
 6.51041667e-01 6.50347222e-01 6.49305556e-01 6.47569444e-01
 6.47424769e-01 6.45833333e-01 6.44097222e-01 6.42361111e-01
 6.40625000e-01 6.38888889e-01 6.37152778e-01 6.36574074e-01
 6.35416667e-01 6.33680556e-01 6.31944444e-01 6.30555556e-01
 6.30208333e-01 6.28472222e-01 6.26736111e-01 6.25000000e-01
 6.23263889e-01 6.21961806e-01 6.21527778e-01 6.20225694e-01
 6.19791667e-01 6.18055556e-01 6.16319444e-01 6.14583333e-01
 6.12847222e-01 6.11979167e-01 6.11111111e-01 6.09375000e-01
 6.07638889e-01 6.05902778e-01 6.04166667e-01 6.02430556e-01
 6.00694444e-01 5.98958333e-01 5.97222222e-01 5.95486111e-01
 5.93750000e-01 5.92013889e-01 5.90277778e-01 5.88541667e-01
 5.86805556e-01 5.85069444e-01 5.83333333e-01 5.83143188e-01
 5.81597222e-01 5.79861111e-01 5.78125000e-01 5.76388889e-01
 5.74652778e-01 5.72916667e-01 5.71180556e-01 5.69444444e-01
 5.67708333e-01 5.65972222e-01 5.64236111e-01 5.62500000e-01
 5.60763889e-01 5.59027778e-01 5.57291667e-01 5.55555556e-01
 5.53819444e-01 5.52083333e-01 5.50347222e-01 5.48611111e-01
 5.46875000e-01 5.46440972e-01 5.45138889e-01 5.43402778e-01
 5.41666667e-01 5.39930556e-01 5.38194444e-01 5.36458333e-01
 5.34722222e-01 5.32986111e-01 5.31250000e-01 5.30911045e-01
 5.29513889e-01 5.28306878e-01 5.27777778e-01 5.26041667e-01
 5.24305556e-01 5.22569444e-01 5.20833333e-01 5.19097222e-01
 5.17361111e-01 5.16493056e-01 5.15625000e-01 5.13888889e-01
 5.12152778e-01 5.10416667e-01 5.08680556e-01 5.08015046e-01
 5.07118056e-01 5.06944444e-01 5.05208333e-01 5.03472222e-01
 5.02724041e-01 5.01736111e-01 5.00000000e-01 4.98263889e-01
 4.96527778e-01 4.95659722e-01 4.94791667e-01 4.93055556e-01
 4.91319444e-01 4.89583333e-01 4.87847222e-01 4.87413194e-01
 4.86111111e-01 4.84375000e-01 4.82638889e-01 4.80902778e-01
 4.79166667e-01 4.77430556e-01 4.75694444e-01 4.73958333e-01
 4.72222222e-01 4.70486111e-01 4.68750000e-01 4.67013889e-01
 4.65277778e-01 4.64409722e-01 4.63541667e-01 4.62673611e-01
 4.61805556e-01 4.60069444e-01 4.58333333e-01 4.56597222e-01
 4.54861111e-01 4.53125000e-01 4.51388889e-01 4.49652778e-01
 4.47916667e-01 4.46180556e-01 4.45692791e-01 4.44444444e-01
 4.44010417e-01 4.42708333e-01 4.40972222e-01 4.39236111e-01
 4.37500000e-01 4.35763889e-01 4.34027778e-01 4.32291667e-01
 4.30555556e-01 4.28819444e-01 4.27083333e-01 4.25347222e-01
 4.23611111e-01 4.21875000e-01 4.20138889e-01 4.18402778e-01
 4.16666667e-01 4.14930556e-01 4.13194444e-01 4.11458333e-01
 4.09722222e-01 4.07986111e-01 4.06250000e-01 4.04513889e-01
 4.02777778e-01 4.01041667e-01 3.99334491e-01 3.99305556e-01
 3.97569444e-01 3.95833333e-01 3.94097222e-01 3.92939815e-01
 3.92361111e-01 3.90625000e-01 3.90046296e-01 3.88888889e-01
 3.87152778e-01 3.85416667e-01 3.83680556e-01 3.83651620e-01
 3.81944444e-01 3.80208333e-01 3.78472222e-01 3.76736111e-01
 3.75000000e-01 3.73263889e-01 3.71961806e-01 3.71527778e-01
 3.69791667e-01 3.68055556e-01 3.66319444e-01 3.64583333e-01
 3.62847222e-01 3.61111111e-01 3.59375000e-01 3.57638889e-01
 3.55902778e-01 3.54166667e-01 3.52430556e-01 3.50694444e-01
 3.48958333e-01 3.47222222e-01 3.45486111e-01 3.43750000e-01
 3.42013889e-01 3.40277778e-01 3.38541667e-01 3.36805556e-01
 3.36226852e-01 3.35069444e-01 3.33333333e-01 3.31597222e-01
 3.29861111e-01 3.28125000e-01 3.26388889e-01 3.24652778e-01
 3.22916667e-01 3.21180556e-01 3.19444444e-01 3.17708333e-01
 3.15972222e-01 3.14236111e-01 3.12500000e-01 3.10763889e-01
 3.09027778e-01 3.07291667e-01 3.05555556e-01 3.03819444e-01
 3.02083333e-01 3.00347222e-01 2.98611111e-01 2.96875000e-01
 2.95138889e-01 2.93402778e-01 2.91666667e-01 2.89930556e-01
 2.88194444e-01 2.86458333e-01 2.84722222e-01 2.82986111e-01
 2.81250000e-01 2.79513889e-01 2.77777778e-01 2.76041667e-01
 2.74305556e-01 2.72569444e-01 2.70833333e-01 2.69097222e-01
 2.67361111e-01 2.65625000e-01 2.63888889e-01 2.62152778e-01
 2.60416667e-01 2.58680556e-01 2.56944444e-01 2.55208333e-01
 2.53472222e-01 2.51736111e-01 2.50000000e-01 2.48263889e-01
 2.46527778e-01 2.44791667e-01 2.43055556e-01 2.41319444e-01
 2.39583333e-01 2.37847222e-01 2.36111111e-01 2.34375000e-01
 2.32638889e-01 2.30902778e-01 2.29166667e-01 2.27430556e-01
 2.26128472e-01 2.25694444e-01 2.23958333e-01 2.22222222e-01
 2.20486111e-01 2.18750000e-01 2.17013889e-01 2.15277778e-01
 2.13541667e-01 2.11805556e-01 2.10069444e-01 2.08333333e-01
 2.06597222e-01 2.04861111e-01 2.03125000e-01 2.01388889e-01
 1.99652778e-01 1.97916667e-01 1.96180556e-01 1.94444444e-01
 1.92708333e-01 1.90972222e-01 1.89236111e-01 1.87500000e-01
 1.85763889e-01 1.84027778e-01 1.82291667e-01 1.80555556e-01
 1.78819444e-01 1.77083333e-01 1.75347222e-01 1.73611111e-01
 1.71875000e-01 1.70138889e-01 1.68402778e-01 1.66666667e-01
 1.64930556e-01 1.63194444e-01 1.61458333e-01 1.59722222e-01
 1.57986111e-01 1.56250000e-01 1.54513889e-01 1.52777778e-01
 1.51041667e-01 1.49305556e-01 1.47569444e-01 1.45833333e-01
 1.44097222e-01 1.42650463e-01 1.42361111e-01 1.40625000e-01
 1.38888889e-01 1.37152778e-01 1.35416667e-01 1.33680556e-01
 1.31944444e-01 1.30555556e-01 1.30208333e-01 1.28472222e-01
 1.26736111e-01 1.25000000e-01 1.23263889e-01 1.21527778e-01
 1.19791667e-01 1.18055556e-01 1.16319444e-01 1.14583333e-01
 1.12847222e-01 1.11111111e-01 1.09375000e-01 1.07638889e-01
 1.05902778e-01 1.04166667e-01 1.02430556e-01 1.00694444e-01
 9.89583333e-02 9.72222222e-02 9.54861111e-02 9.37500000e-02
 9.20138889e-02 9.02777778e-02 8.85416667e-02 8.68055556e-02
 8.50694444e-02 8.33333333e-02 8.15972222e-02 7.98611111e-02
 7.81250000e-02 7.63888889e-02 7.46527778e-02 7.29166667e-02
 7.11805556e-02 6.94444444e-02 6.77083333e-02 6.59722222e-02
 6.42361111e-02 6.25000000e-02 6.07638889e-02 5.90277778e-02
 5.72916667e-02 5.55555556e-02 5.38194444e-02 5.20833333e-02
 5.03472222e-02 4.86111111e-02 4.68750000e-02 4.51388889e-02
 4.34027778e-02 4.16666667e-02 3.99305556e-02 3.81944444e-02
 3.64583333e-02 3.47222222e-02 3.29861111e-02 3.12500000e-02
 2.95138889e-02 2.77777778e-02 2.60416667e-02 2.43055556e-02
 2.25694444e-02 2.08333333e-02 1.90972222e-02 1.73611111e-02
 1.56250000e-02 1.38888889e-02 1.21527778e-02 1.04166667e-02
 8.68055556e-03 6.94444444e-03 5.20833333e-03 3.47222222e-03
 1.73611111e-03 0.00000000e+00]
784,[0.00000000e+00 2.66666667e-05 7.33333333e-05 1.00000000e-04
 1.33333333e-04 1.60000000e-04 2.20000000e-04 2.53333333e-04
 2.53333333e-04 2.80000000e-04 3.06666667e-04 3.06666667e-04
 3.40000000e-04 3.46666667e-04 4.00000000e-04 4.33333333e-04
 4.80000000e-04 5.33333333e-04 5.86666667e-04 6.40000000e-04
 7.13333333e-04 7.80000000e-04 8.06666667e-04 8.73333333e-04
 9.20000000e-04 9.86666667e-04 1.04666667e-03 1.13333333e-03
 1.18666667e-03 1.24666667e-03 1.30000000e-03 1.40000000e-03
 1.48000000e-03 1.58000000e-03 1.68000000e-03 1.80000000e-03
 1.90000000e-03 1.97333333e-03 1.97333333e-03 2.08666667e-03
 2.23333333e-03 2.36000000e-03 2.48000000e-03 2.56000000e-03
 2.67333333e-03 2.80000000e-03 2.92000000e-03 3.06000000e-03
 3.18666667e-03 3.36000000e-03 3.44666667e-03 3.58666667e-03
 3.72666667e-03 3.85333333e-03 3.94666667e-03 4.08666667e-03
 4.24000000e-03 4.24000000e-03 4.36000000e-03 4.48000000e-03
 4.55333333e-03 4.68666667e-03 4.85333333e-03 5.01333333e-03
 5.14666667e-03 5.36000000e-03 5.54000000e-03 5.73333333e-03
 5.88666667e-03 6.07333333e-03 6.07333333e-03 6.23333333e-03
 6.45333333e-03 6.62666667e-03 6.84666667e-03 7.00000000e-03
 7.14666667e-03 7.30000000e-03 7.30000000e-03 7.50000000e-03
 7.67333333e-03 7.82000000e-03 8.06000000e-03 8.28000000e-03
 8.48000000e-03 8.71333333e-03 8.91333333e-03 9.15333333e-03
 9.38000000e-03 9.63333333e-03 9.88666667e-03 1.01800000e-02
 1.04066667e-02 1.06666667e-02 1.09066667e-02 1.11600000e-02
 1.14866667e-02 1.18000000e-02 1.20533333e-02 1.23400000e-02
 1.26666667e-02 1.30066667e-02 1.33333333e-02 1.36066667e-02
 1.38733333e-02 1.42266667e-02 1.44600000e-02 1.48200000e-02
 1.51066667e-02 1.54133333e-02 1.57933333e-02 1.61533333e-02
 1.64333333e-02 1.67000000e-02 1.70333333e-02 1.73800000e-02
 1.77133333e-02 1.81400000e-02 1.81400000e-02 1.84666667e-02
 1.88466667e-02 1.92200000e-02 1.96333333e-02 2.00066667e-02
 2.03866667e-02 2.08333333e-02 2.11600000e-02 2.15400000e-02
 2.18733333e-02 2.18733333e-02 2.22400000e-02 2.26400000e-02
 2.30066667e-02 2.33933333e-02 2.37600000e-02 2.41666667e-02
 2.45733333e-02 2.49866667e-02 2.49866667e-02 2.53800000e-02
 2.58200000e-02 2.62933333e-02 2.67933333e-02 2.71733333e-02
 2.75933333e-02 2.79866667e-02 2.84466667e-02 2.88666667e-02
 2.93666667e-02 2.98533333e-02 3.03600000e-02 3.08333333e-02
 3.12733333e-02 3.17466667e-02 3.21666667e-02 3.26933333e-02
 3.31800000e-02 3.37066667e-02 3.42333333e-02 3.48600000e-02
 3.53600000e-02 3.58466667e-02 3.63733333e-02 3.69200000e-02
 3.74800000e-02 3.79400000e-02 3.85800000e-02 3.91066667e-02
 3.91066667e-02 3.96600000e-02 4.02733333e-02 4.08000000e-02
 4.13133333e-02 4.19933333e-02 4.26200000e-02 4.32466667e-02
 4.38266667e-02 4.44333333e-02 4.50400000e-02 4.57266667e-02
 4.63200000e-02 4.69466667e-02 4.75466667e-02 4.83133333e-02
 4.89800000e-02 4.96666667e-02 5.03666667e-02 5.09266667e-02
 5.16466667e-02 5.22600000e-02 5.29533333e-02 5.36533333e-02
 5.44200000e-02 5.51933333e-02 5.57933333e-02 5.65000000e-02
 5.73466667e-02 5.80133333e-02 5.80133333e-02 5.88000000e-02
 5.97266667e-02 6.05066667e-02 6.12800000e-02 6.21133333e-02
 6.28533333e-02 6.37333333e-02 6.45466667e-02 6.53800000e-02
 6.53800000e-02 6.62466667e-02 6.72066667e-02 6.80933333e-02
 6.88333333e-02 6.97666667e-02 7.05400000e-02 7.14400000e-02
 7.22800000e-02 7.31400000e-02 7.40800000e-02 7.49666667e-02
 7.56866667e-02 7.67000000e-02 7.76466667e-02 7.76466667e-02
 7.85400000e-02 7.94933333e-02 8.04000000e-02 8.12466667e-02
 8.22266667e-02 8.30266667e-02 8.39400000e-02 8.48200000e-02
 8.57466667e-02 8.67533333e-02 8.76800000e-02 8.85800000e-02
 8.85866667e-02 8.96733333e-02 9.07266667e-02 9.07266667e-02
 9.17733333e-02 9.29133333e-02 9.39533333e-02 9.50666667e-02
 9.60866667e-02 9.72466667e-02 9.81666667e-02 9.93133333e-02
 1.00373333e-01 1.01413333e-01 1.02393333e-01 1.03493333e-01
 1.04673333e-01 1.05726667e-01 1.06946667e-01 1.07973333e-01
 1.09020000e-01 1.10093333e-01 1.11240000e-01 1.12380000e-01
 1.13546667e-01 1.14653333e-01 1.15906667e-01 1.17153333e-01
 1.18200000e-01 1.19566667e-01 1.20753333e-01 1.21953333e-01
 1.23166667e-01 1.24433333e-01 1.25666667e-01 1.26886667e-01
 1.28193333e-01 1.29400000e-01 1.29406667e-01 1.30646667e-01
 1.31960000e-01 1.33226667e-01 1.34566667e-01 1.35820000e-01
 1.37153333e-01 1.38373333e-01 1.38380000e-01 1.39593333e-01
 1.40840000e-01 1.42300000e-01 1.43506667e-01 1.44833333e-01
 1.46313333e-01 1.47586667e-01 1.49033333e-01 1.50300000e-01
 1.51800000e-01 1.53180000e-01 1.53180000e-01 1.54540000e-01
 1.55900000e-01 1.57226667e-01 1.57226667e-01 1.58473333e-01
 1.58480000e-01 1.59946667e-01 1.61440000e-01 1.62826667e-01
 1.62826667e-01 1.64113333e-01 1.65666667e-01 1.67080000e-01
 1.68686667e-01 1.70140000e-01 1.71513333e-01 1.73020000e-01
 1.74720000e-01 1.76280000e-01 1.76286667e-01 1.77760000e-01
 1.79153333e-01 1.80546667e-01 1.82133333e-01 1.83773333e-01
 1.83780000e-01 1.85400000e-01 1.86926667e-01 1.88480000e-01
 1.90040000e-01 1.91553333e-01 1.92986667e-01 1.94633333e-01
 1.96453333e-01 1.98060000e-01 1.98060000e-01 1.99673333e-01
 2.01286667e-01 2.03113333e-01 2.04666667e-01 2.06320000e-01
 2.07933333e-01 2.09506667e-01 2.11060000e-01 2.12660000e-01
 2.14253333e-01 2.15866667e-01 2.17393333e-01 2.19093333e-01
 2.20693333e-01 2.22433333e-01 2.24033333e-01 2.25733333e-01
 2.27573333e-01 2.29313333e-01 2.30940000e-01 2.32346667e-01
 2.34160000e-01 2.35920000e-01 2.37873333e-01 2.39680000e-01
 2.41326667e-01 2.41326667e-01 2.43106667e-01 2.45020000e-01
 2.46786667e-01 2.48480000e-01 2.50213333e-01 2.51840000e-01
 2.53720000e-01 2.55533333e-01 2.57466667e-01 2.59253333e-01
 2.60913333e-01 2.62713333e-01 2.64500000e-01 2.66480000e-01
 2.68326667e-01 2.70146667e-01 2.72033333e-01 2.74066667e-01
 2.75866667e-01 2.77560000e-01 2.79500000e-01 2.81513333e-01
 2.83466667e-01 2.85313333e-01 2.87200000e-01 2.89193333e-01
 2.89193333e-01 2.91140000e-01 2.93220000e-01 2.95040000e-01
 2.96940000e-01 2.98900000e-01 3.00686667e-01 3.02740000e-01
 3.04793333e-01 3.06646667e-01 3.08620000e-01 3.10660000e-01
 3.12846667e-01 3.12853333e-01 3.12853333e-01 3.14966667e-01
 3.16993333e-01 3.19146667e-01 3.21040000e-01 3.22886667e-01
 3.24886667e-01 3.26993333e-01 3.29066667e-01 3.31033333e-01
 3.31033333e-01 3.33166667e-01 3.35213333e-01 3.35213333e-01
 3.37206667e-01 3.39346667e-01 3.41540000e-01 3.43546667e-01
 3.45560000e-01 3.47426667e-01 3.49353333e-01 3.51493333e-01
 3.53560000e-01 3.53566667e-01 3.55653333e-01 3.57613333e-01
 3.59960000e-01 3.61933333e-01 3.61940000e-01 3.63926667e-01
 3.66126667e-01 3.68173333e-01 3.70486667e-01 3.70486667e-01
 3.72653333e-01 3.74720000e-01 3.76746667e-01 3.78773333e-01
 3.81046667e-01 3.83113333e-01 3.85253333e-01 3.87406667e-01
 3.89453333e-01 3.91580000e-01 3.93706667e-01 3.95880000e-01
 3.97940000e-01 4.00053333e-01 4.00053333e-01 4.02260000e-01
 4.04273333e-01 4.06373333e-01 4.08620000e-01 4.10786667e-01
 4.12800000e-01 4.15060000e-01 4.17140000e-01 4.19133333e-01
 4.21206667e-01 4.23440000e-01 4.23440000e-01 4.25553333e-01
 4.27620000e-01 4.29726667e-01 4.31940000e-01 4.33926667e-01
 4.33926667e-01 4.36266667e-01 4.38573333e-01 4.40613333e-01
 4.42940000e-01 4.44840000e-01 4.47100000e-01 4.49346667e-01
 4.51400000e-01 4.51400000e-01 4.53666667e-01 4.55826667e-01
 4.58060000e-01 4.60300000e-01 4.62493333e-01 4.64700000e-01
 4.66860000e-01 4.69220000e-01 4.71306667e-01 4.73760000e-01
 4.76006667e-01 4.77993333e-01 4.80020000e-01 4.82266667e-01
 4.82273333e-01 4.84413333e-01 4.86600000e-01 4.89100000e-01
 4.91553333e-01 4.93380000e-01 4.95653333e-01 4.97820000e-01
 5.00000000e-01 5.02340000e-01 5.04533333e-01 5.06780000e-01
 5.08780000e-01 5.10960000e-01 5.13233333e-01 5.15573333e-01
 5.17533333e-01 5.19753333e-01 5.19766667e-01 5.21820000e-01
 5.24066667e-01 5.26466667e-01 5.28513333e-01 5.30753333e-01
 5.32973333e-01 5.35133333e-01 5.37513333e-01 5.39540000e-01
 5.41826667e-01 5.44293333e-01 5.46520000e-01 5.48573333e-01
 5.50840000e-01 5.52860000e-01 5.54980000e-01 5.57146667e-01
 5.57153333e-01 5.59326667e-01 5.61446667e-01 5.63520000e-01
 5.63520000e-01 5.65626667e-01 5.67846667e-01 5.70053333e-01
 5.72300000e-01 5.74526667e-01 5.76626667e-01 5.78993333e-01
 5.81113333e-01 5.83173333e-01 5.85346667e-01 5.87506667e-01
 5.87506667e-01 5.89820000e-01 5.91766667e-01 5.93906667e-01
 5.95993333e-01 5.98180000e-01 6.00346667e-01 6.02533333e-01
 6.04826667e-01 6.07040000e-01 6.09160000e-01 6.11300000e-01
 6.13433333e-01 6.13433333e-01 6.15646667e-01 6.17846667e-01
 6.19973333e-01 6.22166667e-01 6.24193333e-01 6.26340000e-01
 6.28613333e-01 6.30626667e-01 6.32613333e-01 6.34700000e-01
 6.36793333e-01 6.38913333e-01 6.38920000e-01 6.40913333e-01
 6.42793333e-01 6.44813333e-01 6.46826667e-01 6.48973333e-01
 6.50853333e-01 6.52986667e-01 6.55033333e-01 6.57126667e-01
 6.58800000e-01 6.60753333e-01 6.62793333e-01 6.64713333e-01
 6.66666667e-01 6.68686667e-01 6.70766667e-01 6.72906667e-01
 6.74860000e-01 6.77100000e-01 6.79280000e-01 6.81133333e-01
 6.83066667e-01 6.84973333e-01 6.87000000e-01 6.88986667e-01
 6.91080000e-01 6.92966667e-01 6.94966667e-01 6.96926667e-01
 6.98813333e-01 7.00900000e-01 7.02700000e-01 7.04733333e-01
 7.06746667e-01 7.08620000e-01 7.10580000e-01 7.12666667e-01
 7.14693333e-01 7.16493333e-01 7.18413333e-01 7.20173333e-01
 7.22053333e-01 7.23926667e-01 7.25886667e-01 7.27826667e-01
 7.29806667e-01 7.31933333e-01 7.33906667e-01 7.35700000e-01
 7.37646667e-01 7.39500000e-01 7.41453333e-01 7.43360000e-01
 7.45020000e-01 7.46853333e-01 7.48766667e-01 7.50726667e-01
 7.52433333e-01 7.54340000e-01 7.56193333e-01 7.58186667e-01
 7.59866667e-01 7.61586667e-01 7.63426667e-01 7.65293333e-01
 7.67000000e-01 7.68626667e-01 7.70300000e-01 7.72240000e-01
 7.73873333e-01 7.75713333e-01 7.77700000e-01 7.79420000e-01
 7.81093333e-01 7.82780000e-01 7.84486667e-01 7.86226667e-01
 7.88033333e-01 7.89786667e-01 7.91533333e-01 7.93093333e-01
 7.94606667e-01 7.96440000e-01 7.98060000e-01 7.99726667e-01
 8.01406667e-01 8.03193333e-01 8.04633333e-01 8.06240000e-01
 8.07893333e-01 8.09500000e-01 8.10986667e-01 8.12600000e-01
 8.14313333e-01 8.14313333e-01 8.15980000e-01 8.17540000e-01
 8.19393333e-01 8.21013333e-01 8.22500000e-01 8.24093333e-01
 8.25613333e-01 8.27293333e-01 8.28953333e-01 8.30460000e-01
 8.31906667e-01 8.33406667e-01 8.35246667e-01 8.36820000e-01
 8.38320000e-01 8.39833333e-01 8.41213333e-01 8.42906667e-01
 8.44340000e-01 8.45906667e-01 8.47480000e-01 8.48926667e-01
 8.50340000e-01 8.51700000e-01 8.53160000e-01 8.53166667e-01
 8.54666667e-01 8.56140000e-01 8.57853333e-01 8.59220000e-01
 8.60513333e-01 8.62026667e-01 8.63366667e-01 8.64980000e-01
 8.66273333e-01 8.67826667e-01 8.69200000e-01 8.70580000e-01
 8.71893333e-01 8.73360000e-01 8.74953333e-01 8.76326667e-01
 8.77766667e-01 8.78913333e-01 8.80353333e-01 8.81686667e-01
 8.82866667e-01 8.84293333e-01 8.85593333e-01 8.86866667e-01
 8.88233333e-01 8.89333333e-01 8.90560000e-01 8.91773333e-01
 8.93066667e-01 8.94286667e-01 8.95506667e-01 8.95513333e-01
 8.96680000e-01 8.97766667e-01 8.97773333e-01 8.98980000e-01
 8.99980000e-01 8.99980000e-01 9.01293333e-01 9.02593333e-01
 9.03773333e-01 9.05080000e-01 9.06306667e-01 9.07433333e-01
 9.08560000e-01 9.09586667e-01 9.10700000e-01 9.11913333e-01
 9.13040000e-01 9.14073333e-01 9.15240000e-01 9.16460000e-01
 9.17686667e-01 9.18880000e-01 9.19860000e-01 9.20880000e-01
 9.21966667e-01 9.22946667e-01 9.24106667e-01 9.25193333e-01
 9.26113333e-01 9.27113333e-01 9.28126667e-01 9.29226667e-01
 9.30253333e-01 9.31293333e-01 9.32413333e-01 9.33546667e-01
 9.34586667e-01 9.35600000e-01 9.36620000e-01 9.37646667e-01
 9.38713333e-01 9.39773333e-01 9.40680000e-01 9.41700000e-01
 9.42773333e-01 9.43773333e-01 9.44680000e-01 9.45540000e-01
 9.46500000e-01 9.47580000e-01 9.48520000e-01 9.49473333e-01
 9.50346667e-01 9.51193333e-01 9.52106667e-01 9.53146667e-01
 9.54060000e-01 9.54900000e-01 9.55926667e-01 9.56800000e-01
 9.57760000e-01 9.58546667e-01 9.59293333e-01 9.60060000e-01
 9.60886667e-01 9.61760000e-01 9.62660000e-01 9.63553333e-01
 9.64440000e-01 9.65286667e-01 9.66073333e-01 9.66886667e-01
 9.67720000e-01 9.68560000e-01 9.69280000e-01 9.70006667e-01
 9.70833333e-01 9.71573333e-01 9.72466667e-01 9.73306667e-01
 9.74206667e-01 9.75006667e-01 9.75726667e-01 9.76520000e-01
 9.77246667e-01 9.77933333e-01 9.78533333e-01 9.79240000e-01
 9.79986667e-01 9.80560000e-01 9.81253333e-01 9.81946667e-01
 9.82740000e-01 9.83486667e-01 9.84120000e-01 9.84720000e-01
 9.85466667e-01 9.86146667e-01 9.86786667e-01 9.87406667e-01
 9.88113333e-01 9.88593333e-01 9.89120000e-01 9.89806667e-01
 9.90546667e-01 9.91226667e-01 9.91973333e-01 9.92673333e-01
 9.93280000e-01 9.93973333e-01 9.94680000e-01 9.95420000e-01
 9.96280000e-01 9.97240000e-01 9.98386667e-01 1.00000000e+00],[0.         0.00517337 0.00772672 0.00952006 0.01100674 0.01235342
 0.01358009 0.01481343 0.01482677 0.01588011 0.01706678 0.01707345
 0.01802679 0.01802679 0.01898679 0.01985347 0.02085347 0.02186015
 0.02266015 0.02366682 0.02458016 0.0255735  0.02646684 0.02742685
 0.02841352 0.0293602  0.03021353 0.03120021 0.03205355 0.03297355
 0.03394023 0.03474023 0.0355269  0.03642024 0.03721358 0.03820025
 0.0392536  0.04022693 0.0402336  0.04111361 0.04208695 0.04301362
 0.04400696 0.0448203  0.04563364 0.04659364 0.04759365 0.04842699
 0.04936033 0.05039367 0.05135368 0.05242035 0.05332702 0.05422703
 0.05516703 0.05614037 0.05706038 0.05706705 0.05809372 0.05916039
 0.06000707 0.06097374 0.06190041 0.06287375 0.06377376 0.06481377
 0.06589377 0.06685378 0.06784712 0.06884713 0.06885379 0.06986047
 0.07093381 0.07196715 0.07292715 0.07398716 0.07501383 0.07612717
 0.07613384 0.07719385 0.07833386 0.0794672  0.0804672  0.08148054
 0.08248055 0.08366056 0.0848539  0.08612057 0.08734058 0.08844726
 0.0895806  0.09062727 0.09183395 0.09303395 0.09414729 0.0954873
 0.09654064 0.09779399 0.09892733 0.10012733 0.10132068 0.10259402
 0.10399403 0.10516737 0.10635404 0.10760072 0.10874072 0.10981407
 0.11100741 0.11234742 0.11350742 0.11476743 0.11598744 0.11730745
 0.11852746 0.11983413 0.12115414 0.12240748 0.12241415 0.12366082
 0.1251075  0.12654084 0.12776085 0.12910753 0.13042754 0.13174754
 0.13313422 0.1344409  0.13580091 0.13580757 0.13720758 0.13868092
 0.14007427 0.14160761 0.14296095 0.14436763 0.14575431 0.14704765
 0.14705431 0.14858099 0.14993433 0.15133434 0.15282769 0.15423436
 0.15575437 0.15710105 0.15854106 0.16008773 0.16148774 0.16306775
 0.1645811  0.16634778 0.16772778 0.16936113 0.1707278  0.17205448
 0.17362782 0.17508117 0.17664784 0.17801452 0.1794412  0.18101454
 0.18239455 0.18375456 0.18527457 0.18664791 0.18816792 0.18978127
 0.18978793 0.19128128 0.19262795 0.19415463 0.19560797 0.19721465
 0.19888133 0.20048134 0.20218135 0.20368136 0.20514803 0.20676805
 0.20842139 0.21007473 0.21176141 0.21344142 0.21494143 0.21639478
 0.21800812 0.2196948  0.22126814 0.22286815 0.2244815  0.22603484
 0.22772152 0.22928153 0.23086821 0.23254822 0.23416823 0.23583491
 0.23584157 0.23755492 0.23924826 0.2406416  0.24229495 0.24394829
 0.24588164 0.24748832 0.24922166 0.25085501 0.25086167 0.25232835
 0.25398836 0.2554017  0.25708838 0.25883506 0.26059507 0.26236842
 0.26416176 0.26602177 0.26744845 0.26920846 0.27098181 0.27278849
 0.2744085  0.27441516 0.27618851 0.27788852 0.27964853 0.28120187
 0.28296189 0.28476857 0.28653524 0.28830192 0.2900486  0.29194861
 0.29378196 0.29570197 0.29570197 0.29750198 0.29931533 0.299322
 0.30097534 0.30265535 0.30436203 0.30600871 0.30772872 0.30934206
 0.31098874 0.31279542 0.3148021  0.31660211 0.31832879 0.3200688
 0.32187548 0.32371549 0.32554884 0.32734885 0.32901553 0.33111554
 0.33286222 0.33466223 0.33650891 0.33830892 0.3403356  0.34224228
 0.34416229 0.34616897 0.34800232 0.34999567 0.35197568 0.35379569
 0.35576237 0.35772238 0.35973573 0.36163574 0.36163574 0.36357576
 0.36568244 0.36750912 0.36932246 0.37090914 0.37298915 0.3748625
 0.3748625  0.37693585 0.37871586 0.3805692  0.38256255 0.3844159
 0.38632924 0.38818925 0.3901226  0.39204261 0.39390263 0.39585597
 0.39586264 0.39796265 0.40002933 0.40185601 0.40186935 0.40402269
 0.40402269 0.40594937 0.40788939 0.4099494  0.40996273 0.41189608
 0.41400943 0.41598944 0.41795612 0.41983613 0.42196281 0.42383616
 0.42584951 0.42777619 0.42777619 0.4296362  0.43151621 0.43345622
 0.43554957 0.43756958 0.43757625 0.43964293 0.44180961 0.44362962
 0.4456163  0.44758298 0.44971633 0.45180301 0.45388969 0.45571637
 0.45572304 0.45784972 0.4598964  0.46212975 0.46404309 0.46587644
 0.46799645 0.46987647 0.47188315 0.47376316 0.47584317 0.47782985
 0.47987653 0.48165654 0.48372322 0.48563657 0.48784325 0.4897366
 0.49186328 0.49365662 0.49554997 0.49758998 0.49947666 0.50154334
 0.50365669 0.5057167  0.50801005 0.50801672 0.5101034  0.51206341
 0.51425676 0.51639678 0.51838346 0.52038347 0.52241682 0.52433016
 0.52637018 0.52835686 0.5303102  0.53251022 0.5347769  0.53679691
 0.53881026 0.54083027 0.54299029 0.54491697 0.54712365 0.54905699
 0.55090367 0.55277035 0.55483037 0.55693705 0.55898373 0.56111041
 0.56111707 0.56311709 0.56520377 0.56733712 0.5693238  0.57137048
 0.57347716 0.57542384 0.57754385 0.57961053 0.58174388 0.58361056
 0.58557724 0.58557724 0.5855839  0.58771058 0.58985727 0.59184395
 0.59377063 0.59581731 0.59779732 0.599524   0.60159068 0.60329069
 0.60329736 0.6053507  0.60734405 0.60735072 0.6094374  0.61151741
 0.61348409 0.61537744 0.61725078 0.6192708  0.62107081 0.62305749
 0.6249775  0.6249775  0.62699085 0.62896419 0.63089087 0.63315089
 0.63315089 0.6350509  0.63715091 0.63918426 0.64108427 0.64109094
 0.64314429 0.6452443  0.64715098 0.64906433 0.65113767 0.65321102
 0.65500437 0.65700438 0.65917106 0.66124441 0.66306442 0.66500443
 0.66654444 0.66868446 0.66869112 0.67065114 0.67261782 0.6744245
 0.67642451 0.67852452 0.68042454 0.68235788 0.68417789 0.68595124
 0.68779125 0.68969793 0.6897046  0.69142461 0.69323795 0.69534464
 0.69713131 0.69910466 0.69911133 0.70115801 0.70297135 0.70487803
 0.70677138 0.70839806 0.71017807 0.71193808 0.71353142 0.71353809
 0.7153781  0.71707811 0.71882479 0.72059814 0.72238482 0.72426483
 0.72585817 0.72763152 0.72949153 0.73119821 0.73286489 0.7345849
 0.73630491 0.73795825 0.73795825 0.73972493 0.74155828 0.74341162
 0.7449783  0.74678498 0.74843832 0.75031834 0.75219835 0.75365836
 0.75531837 0.75681171 0.75857172 0.76018507 0.76191175 0.76361176
 0.76527844 0.76696511 0.76696511 0.76863179 0.77025847 0.77189848
 0.77356516 0.7750985  0.77657184 0.77808519 0.77983187 0.78137188
 0.78297189 0.7845319  0.78619191 0.78788525 0.78938526 0.79102527
 0.79238528 0.79393196 0.79393196 0.7953453  0.79694531 0.79869199
 0.79869866 0.800032   0.80148534 0.80291202 0.8046187  0.80601871
 0.80771872 0.80919206 0.81069874 0.81216541 0.81347209 0.8149921
 0.81499877 0.81631878 0.81784545 0.81921213 0.82061214 0.82197881
 0.82361216 0.82505883 0.82655218 0.82793885 0.82945886 0.83087221
 0.83217221 0.83217888 0.83357222 0.83493223 0.83609891 0.83751892
 0.83875893 0.84001227 0.84127894 0.84257228 0.84380563 0.8450723
 0.84628564 0.84763898 0.84763898 0.84896566 0.85023233 0.85144568
 0.85265902 0.85397236 0.8552057  0.85636571 0.85755238 0.85859906
 0.8600324  0.86118574 0.86237242 0.86359909 0.86487243 0.86609911
 0.86742578 0.86857246 0.86995247 0.87117914 0.87233248 0.87353249
 0.87472583 0.87587917 0.87697918 0.87817252 0.87962586 0.88067254
 0.88177255 0.88289922 0.88392589 0.8850459  0.88609257 0.88721925
 0.88845259 0.88949926 0.89059927 0.89150594 0.89259928 0.89364596
 0.89473263 0.89587931 0.89682598 0.89784599 0.89889933 0.90009267
 0.90111934 0.90203935 0.90306602 0.90393269 0.90489937 0.90573937
 0.90678605 0.90774605 0.90880606 0.9098594  0.91070607 0.91166608
 0.91245942 0.91342609 0.9143861  0.9153061  0.91629944 0.91723945
 0.91806612 0.91891946 0.9198928  0.92080614 0.92165948 0.92265282
 0.92352616 0.92454616 0.92528617 0.92611951 0.92702618 0.92786619
 0.92863286 0.9294062  0.93021953 0.93091287 0.93155954 0.93225955
 0.93309955 0.93382623 0.93457956 0.9353129  0.93613957 0.93689958
 0.93763958 0.93849292 0.93931293 0.9400796  0.94077294 0.94147961
 0.94219961 0.94220628 0.94290629 0.94360629 0.9443663  0.9450863
 0.9457063  0.94635298 0.94698631 0.94775965 0.94844632 0.94902633
 0.94964633 0.950273   0.95096634 0.95160634 0.95225968 0.95283969
 0.95341969 0.95401969 0.9547197  0.9553997  0.95605304 0.95666638
 0.95723305 0.95791305 0.95838639 0.95838639 0.95894639 0.95951973
 0.96019307 0.96079307 0.96133974 0.96183308 0.96233308 0.96290642
 0.96347976 0.96393309 0.96436643 0.9648331  0.96532644 0.96586644
 0.96648644 0.96702645 0.96750645 0.96791312 0.96841312 0.96892646
 0.96940646 0.9698398  0.9703398  0.97083314 0.97132648 0.97181981
 0.97236648 0.97285982 0.97336649 0.97381316 0.97425316 0.97425316
 0.97463983 0.9750265  0.97503317 0.97551984 0.97584651 0.97585317
 0.97636651 0.97673984 0.97703318 0.97738652 0.97778652 0.97826652
 0.97876653 0.97909986 0.97951986 0.97995987 0.9803332  0.98082654
 0.98127988 0.98157321 0.98190655 0.98225988 0.98255988 0.98281322
 0.98327322 0.98359322 0.98385989 0.98423989 0.98456656 0.98490657
 0.98517323 0.98544657 0.9856999  0.98594657 0.98624657 0.98652658
 0.98679325 0.98701325 0.98731325 0.98754658 0.98776659 0.98799325
 0.98834659 0.98864659 0.98886659 0.98917326 0.9894466  0.98965326
 0.9899266  0.99021327 0.9905066  0.99077327 0.99094661 0.99121994
 0.99147994 0.99169328 0.99191995 0.99222661 0.99240662 0.99261995
 0.99283329 0.99305995 0.99321329 0.99337329 0.99353329 0.99372662
 0.99395996 0.99413329 0.99436663 0.99451996 0.99470663 0.99492663
 0.99506663 0.99520663 0.99536664 0.99551997 0.99572664 0.99585997
 0.99602664 0.99619331 0.99631998 0.99642664 0.99659998 0.99673331
 0.99694665 0.99707998 0.99715998 0.99733332 0.99740665 0.99750665
 0.99761332 0.99769332 0.99782665 0.99793332 0.99803999 0.99812665
 0.99826666 0.99833999 0.99849999 0.99865332 0.99871332 0.99877333
 0.99881999 0.99890666 0.99901333 0.99911999 0.99921333 0.99928
 0.99939333 0.99944    0.99955333 0.99964666 0.99972666 0.99986
 0.99990667 1.        ],[2.00000000e+00 1.00000000e+00 9.98724490e-01 9.97448980e-01
 9.96173469e-01 9.94897959e-01 9.93622449e-01 9.92346939e-01
 9.91709184e-01 9.91071429e-01 9.89795918e-01 9.88839286e-01
 9.88520408e-01 9.87563776e-01 9.87244898e-01 9.85969388e-01
 9.84693878e-01 9.83418367e-01 9.82142857e-01 9.80867347e-01
 9.79591837e-01 9.78316327e-01 9.77040816e-01 9.75765306e-01
 9.74489796e-01 9.73214286e-01 9.71938776e-01 9.70663265e-01
 9.69387755e-01 9.68112245e-01 9.66836735e-01 9.65561224e-01
 9.64285714e-01 9.63010204e-01 9.61734694e-01 9.60459184e-01
 9.59183673e-01 9.57908163e-01 9.56951531e-01 9.56632653e-01
 9.55357143e-01 9.54081633e-01 9.52806122e-01 9.51530612e-01
 9.50255102e-01 9.48979592e-01 9.47704082e-01 9.46428571e-01
 9.45153061e-01 9.43877551e-01 9.42602041e-01 9.41326531e-01
 9.40051020e-01 9.38775510e-01 9.37500000e-01 9.36224490e-01
 9.34948980e-01 9.34523810e-01 9.33673469e-01 9.32397959e-01
 9.31122449e-01 9.29846939e-01 9.28571429e-01 9.27295918e-01
 9.26020408e-01 9.24744898e-01 9.23469388e-01 9.22193878e-01
 9.20918367e-01 9.19642857e-01 9.19005102e-01 9.18367347e-01
 9.17091837e-01 9.15816327e-01 9.14540816e-01 9.13265306e-01
 9.11989796e-01 9.10714286e-01 9.10076531e-01 9.09438776e-01
 9.08163265e-01 9.06887755e-01 9.05612245e-01 9.04336735e-01
 9.03061224e-01 9.01785714e-01 9.00510204e-01 8.99234694e-01
 8.97959184e-01 8.96683673e-01 8.95408163e-01 8.94132653e-01
 8.92857143e-01 8.91581633e-01 8.90306122e-01 8.89030612e-01
 8.87755102e-01 8.86479592e-01 8.85204082e-01 8.83928571e-01
 8.82653061e-01 8.81377551e-01 8.80102041e-01 8.78826531e-01
 8.77551020e-01 8.76275510e-01 8.75000000e-01 8.73724490e-01
 8.72448980e-01 8.71173469e-01 8.69897959e-01 8.68622449e-01
 8.67346939e-01 8.66071429e-01 8.64795918e-01 8.63520408e-01
 8.62244898e-01 8.60969388e-01 8.60119048e-01 8.59693878e-01
 8.58418367e-01 8.57142857e-01 8.55867347e-01 8.54591837e-01
 8.53316327e-01 8.52040816e-01 8.50765306e-01 8.49489796e-01
 8.48214286e-01 8.47257653e-01 8.46938776e-01 8.45663265e-01
 8.44387755e-01 8.43112245e-01 8.41836735e-01 8.40561224e-01
 8.39285714e-01 8.38010204e-01 8.37585034e-01 8.36734694e-01
 8.35459184e-01 8.34183673e-01 8.32908163e-01 8.31632653e-01
 8.30357143e-01 8.29081633e-01 8.27806122e-01 8.26530612e-01
 8.25255102e-01 8.23979592e-01 8.22704082e-01 8.21428571e-01
 8.20153061e-01 8.18877551e-01 8.17602041e-01 8.16326531e-01
 8.15051020e-01 8.13775510e-01 8.12500000e-01 8.11224490e-01
 8.09948980e-01 8.08673469e-01 8.07397959e-01 8.06122449e-01
 8.04846939e-01 8.03571429e-01 8.02295918e-01 8.01020408e-01
 8.00382653e-01 7.99744898e-01 7.98469388e-01 7.97193878e-01
 7.95918367e-01 7.94642857e-01 7.93367347e-01 7.92091837e-01
 7.90816327e-01 7.89540816e-01 7.88265306e-01 7.86989796e-01
 7.85714286e-01 7.84438776e-01 7.83163265e-01 7.81887755e-01
 7.80612245e-01 7.79336735e-01 7.78061224e-01 7.76785714e-01
 7.75510204e-01 7.74234694e-01 7.72959184e-01 7.71683673e-01
 7.70408163e-01 7.69132653e-01 7.67857143e-01 7.66581633e-01
 7.65306122e-01 7.64030612e-01 7.63392857e-01 7.62755102e-01
 7.61479592e-01 7.60204082e-01 7.58928571e-01 7.57653061e-01
 7.56377551e-01 7.55102041e-01 7.53826531e-01 7.52551020e-01
 7.51955782e-01 7.51275510e-01 7.50000000e-01 7.48724490e-01
 7.47448980e-01 7.46173469e-01 7.44897959e-01 7.43622449e-01
 7.42346939e-01 7.41071429e-01 7.39795918e-01 7.38520408e-01
 7.37244898e-01 7.35969388e-01 7.34693878e-01 7.34268707e-01
 7.33418367e-01 7.32142857e-01 7.30867347e-01 7.29591837e-01
 7.28316327e-01 7.27040816e-01 7.25765306e-01 7.24489796e-01
 7.23214286e-01 7.21938776e-01 7.20663265e-01 7.19387755e-01
 7.18431122e-01 7.18112245e-01 7.16836735e-01 7.16517857e-01
 7.15561224e-01 7.14285714e-01 7.13010204e-01 7.11734694e-01
 7.10459184e-01 7.09183673e-01 7.07908163e-01 7.06632653e-01
 7.05357143e-01 7.04081633e-01 7.02806122e-01 7.01530612e-01
 7.00255102e-01 6.98979592e-01 6.97704082e-01 6.96428571e-01
 6.95153061e-01 6.93877551e-01 6.92602041e-01 6.91326531e-01
 6.90051020e-01 6.88775510e-01 6.87500000e-01 6.86224490e-01
 6.84948980e-01 6.83673469e-01 6.82397959e-01 6.81122449e-01
 6.79846939e-01 6.78571429e-01 6.77295918e-01 6.76020408e-01
 6.74744898e-01 6.73469388e-01 6.72512755e-01 6.72193878e-01
 6.70918367e-01 6.69642857e-01 6.68367347e-01 6.67091837e-01
 6.65816327e-01 6.64540816e-01 6.64413265e-01 6.63265306e-01
 6.61989796e-01 6.60714286e-01 6.59438776e-01 6.58163265e-01
 6.56887755e-01 6.55612245e-01 6.54336735e-01 6.53061224e-01
 6.51785714e-01 6.50510204e-01 6.50321914e-01 6.49234694e-01
 6.47959184e-01 6.46683673e-01 6.46237245e-01 6.45408163e-01
 6.44345238e-01 6.44132653e-01 6.42857143e-01 6.41581633e-01
 6.40561224e-01 6.40306122e-01 6.39030612e-01 6.37755102e-01
 6.36479592e-01 6.35204082e-01 6.33928571e-01 6.32653061e-01
 6.31377551e-01 6.30102041e-01 6.29357993e-01 6.28826531e-01
 6.27551020e-01 6.26275510e-01 6.25000000e-01 6.23724490e-01
 6.22767857e-01 6.22448980e-01 6.21173469e-01 6.19897959e-01
 6.18622449e-01 6.17346939e-01 6.16071429e-01 6.14795918e-01
 6.13520408e-01 6.12244898e-01 6.11607143e-01 6.10969388e-01
 6.09693878e-01 6.08418367e-01 6.07142857e-01 6.05867347e-01
 6.04591837e-01 6.03316327e-01 6.02040816e-01 6.00765306e-01
 5.99489796e-01 5.98214286e-01 5.96938776e-01 5.95663265e-01
 5.94387755e-01 5.93112245e-01 5.91836735e-01 5.90561224e-01
 5.89285714e-01 5.88010204e-01 5.86734694e-01 5.85459184e-01
 5.84183673e-01 5.82908163e-01 5.81632653e-01 5.80357143e-01
 5.79081633e-01 5.78009597e-01 5.77806122e-01 5.76530612e-01
 5.75255102e-01 5.73979592e-01 5.72704082e-01 5.71428571e-01
 5.70153061e-01 5.68877551e-01 5.67602041e-01 5.66326531e-01
 5.65051020e-01 5.63775510e-01 5.62500000e-01 5.61224490e-01
 5.59948980e-01 5.58673469e-01 5.57397959e-01 5.56122449e-01
 5.54846939e-01 5.53571429e-01 5.52295918e-01 5.51020408e-01
 5.49744898e-01 5.48469388e-01 5.47193878e-01 5.45918367e-01
 5.45599490e-01 5.44642857e-01 5.43367347e-01 5.42091837e-01
 5.40816327e-01 5.39540816e-01 5.38265306e-01 5.36989796e-01
 5.35714286e-01 5.34438776e-01 5.33163265e-01 5.31887755e-01
 5.30612245e-01 5.30575802e-01 5.29938047e-01 5.29336735e-01
 5.28061224e-01 5.26785714e-01 5.25510204e-01 5.24234694e-01
 5.22959184e-01 5.21683673e-01 5.20408163e-01 5.19132653e-01
 5.18537415e-01 5.17857143e-01 5.16581633e-01 5.15943878e-01
 5.15306122e-01 5.14030612e-01 5.12755102e-01 5.11479592e-01
 5.10204082e-01 5.08928571e-01 5.07653061e-01 5.06377551e-01
 5.05102041e-01 5.03954082e-01 5.03826531e-01 5.02551020e-01
 5.01275510e-01 5.00000000e-01 4.99556608e-01 4.98724490e-01
 4.97448980e-01 4.96173469e-01 4.94897959e-01 4.94260204e-01
 4.93622449e-01 4.92346939e-01 4.91071429e-01 4.89795918e-01
 4.88520408e-01 4.87244898e-01 4.85969388e-01 4.84693878e-01
 4.83418367e-01 4.82142857e-01 4.80867347e-01 4.79591837e-01
 4.78316327e-01 4.77040816e-01 4.76084184e-01 4.75765306e-01
 4.74489796e-01 4.73214286e-01 4.71938776e-01 4.70663265e-01
 4.69387755e-01 4.68112245e-01 4.66836735e-01 4.65561224e-01
 4.64285714e-01 4.63010204e-01 4.62372449e-01 4.61734694e-01
 4.60459184e-01 4.59183673e-01 4.57908163e-01 4.56632653e-01
 4.55994898e-01 4.55357143e-01 4.54081633e-01 4.52806122e-01
 4.51530612e-01 4.50255102e-01 4.48979592e-01 4.47704082e-01
 4.46428571e-01 4.46389091e-01 4.45153061e-01 4.43877551e-01
 4.42602041e-01 4.41326531e-01 4.40051020e-01 4.38775510e-01
 4.37500000e-01 4.36224490e-01 4.34948980e-01 4.33673469e-01
 4.32397959e-01 4.31122449e-01 4.29846939e-01 4.28571429e-01
 4.28252551e-01 4.27295918e-01 4.26020408e-01 4.24744898e-01
 4.23469388e-01 4.22193878e-01 4.20918367e-01 4.19642857e-01
 4.18367347e-01 4.17091837e-01 4.15816327e-01 4.14540816e-01
 4.13265306e-01 4.11989796e-01 4.10714286e-01 4.09438776e-01
 4.08163265e-01 4.06887755e-01 4.06037415e-01 4.05612245e-01
 4.04336735e-01 4.03061224e-01 4.01785714e-01 4.00510204e-01
 3.99234694e-01 3.97959184e-01 3.96683673e-01 3.95408163e-01
 3.94132653e-01 3.92857143e-01 3.91581633e-01 3.90306122e-01
 3.89030612e-01 3.87755102e-01 3.86479592e-01 3.85204082e-01
 3.84778912e-01 3.83928571e-01 3.82653061e-01 3.81377551e-01
 3.81356293e-01 3.80102041e-01 3.78826531e-01 3.77551020e-01
 3.76275510e-01 3.75000000e-01 3.73724490e-01 3.72448980e-01
 3.71173469e-01 3.69897959e-01 3.68622449e-01 3.67346939e-01
 3.66390306e-01 3.66071429e-01 3.64795918e-01 3.63520408e-01
 3.62244898e-01 3.60969388e-01 3.59693878e-01 3.58418367e-01
 3.57142857e-01 3.55867347e-01 3.54591837e-01 3.53316327e-01
 3.52040816e-01 3.51615646e-01 3.50765306e-01 3.49489796e-01
 3.48214286e-01 3.46938776e-01 3.45663265e-01 3.44387755e-01
 3.43112245e-01 3.41836735e-01 3.40561224e-01 3.39285714e-01
 3.38010204e-01 3.36734694e-01 3.36309524e-01 3.35459184e-01
 3.34183673e-01 3.32908163e-01 3.31632653e-01 3.30357143e-01
 3.29081633e-01 3.27806122e-01 3.26530612e-01 3.25255102e-01
 3.23979592e-01 3.22704082e-01 3.21428571e-01 3.20153061e-01
 3.18877551e-01 3.17602041e-01 3.16326531e-01 3.15051020e-01
 3.13775510e-01 3.12500000e-01 3.11224490e-01 3.09948980e-01
 3.08673469e-01 3.07397959e-01 3.06122449e-01 3.04846939e-01
 3.03571429e-01 3.02295918e-01 3.01020408e-01 2.99744898e-01
 2.98469388e-01 2.97193878e-01 2.95918367e-01 2.94642857e-01
 2.93367347e-01 2.92091837e-01 2.90816327e-01 2.89540816e-01
 2.88265306e-01 2.86989796e-01 2.85714286e-01 2.84438776e-01
 2.83163265e-01 2.81887755e-01 2.80612245e-01 2.79336735e-01
 2.78061224e-01 2.76785714e-01 2.75510204e-01 2.74234694e-01
 2.72959184e-01 2.71683673e-01 2.70408163e-01 2.69132653e-01
 2.67857143e-01 2.66581633e-01 2.65306122e-01 2.64030612e-01
 2.62755102e-01 2.61479592e-01 2.60204082e-01 2.58928571e-01
 2.57653061e-01 2.56377551e-01 2.55102041e-01 2.53826531e-01
 2.52551020e-01 2.51275510e-01 2.50000000e-01 2.48724490e-01
 2.47448980e-01 2.46173469e-01 2.44897959e-01 2.43622449e-01
 2.42346939e-01 2.41071429e-01 2.39795918e-01 2.38520408e-01
 2.37244898e-01 2.35969388e-01 2.34693878e-01 2.33418367e-01
 2.32142857e-01 2.30867347e-01 2.29591837e-01 2.28316327e-01
 2.27040816e-01 2.25765306e-01 2.24489796e-01 2.23214286e-01
 2.21938776e-01 2.20663265e-01 2.19387755e-01 2.18112245e-01
 2.16836735e-01 2.15880102e-01 2.15561224e-01 2.14285714e-01
 2.13010204e-01 2.11734694e-01 2.10459184e-01 2.09183673e-01
 2.07908163e-01 2.06632653e-01 2.05357143e-01 2.04081633e-01
 2.02806122e-01 2.01530612e-01 2.00255102e-01 1.98979592e-01
 1.97704082e-01 1.96428571e-01 1.95153061e-01 1.93877551e-01
 1.92602041e-01 1.91326531e-01 1.90051020e-01 1.88775510e-01
 1.87500000e-01 1.86224490e-01 1.84948980e-01 1.84311224e-01
 1.83673469e-01 1.82397959e-01 1.81122449e-01 1.79846939e-01
 1.78571429e-01 1.77295918e-01 1.76020408e-01 1.74744898e-01
 1.73469388e-01 1.72193878e-01 1.70918367e-01 1.69642857e-01
 1.68367347e-01 1.67091837e-01 1.65816327e-01 1.64540816e-01
 1.63265306e-01 1.61989796e-01 1.60714286e-01 1.59438776e-01
 1.58163265e-01 1.56887755e-01 1.55612245e-01 1.54336735e-01
 1.53061224e-01 1.51785714e-01 1.50510204e-01 1.49234694e-01
 1.47959184e-01 1.46683673e-01 1.45408163e-01 1.44387755e-01
 1.44132653e-01 1.42857143e-01 1.42219388e-01 1.41581633e-01
 1.40306122e-01 1.39880952e-01 1.39030612e-01 1.37755102e-01
 1.36479592e-01 1.35204082e-01 1.33928571e-01 1.32653061e-01
 1.31377551e-01 1.30102041e-01 1.28826531e-01 1.27551020e-01
 1.26275510e-01 1.25000000e-01 1.23724490e-01 1.22448980e-01
 1.21173469e-01 1.19897959e-01 1.18622449e-01 1.17346939e-01
 1.16071429e-01 1.14795918e-01 1.13520408e-01 1.12244898e-01
 1.10969388e-01 1.09693878e-01 1.08418367e-01 1.07142857e-01
 1.05867347e-01 1.04591837e-01 1.03316327e-01 1.02040816e-01
 1.00765306e-01 9.94897959e-02 9.82142857e-02 9.69387755e-02
 9.56632653e-02 9.43877551e-02 9.31122449e-02 9.18367347e-02
 9.05612245e-02 8.92857143e-02 8.80102041e-02 8.67346939e-02
 8.54591837e-02 8.41836735e-02 8.29081633e-02 8.16326531e-02
 8.03571429e-02 7.90816327e-02 7.78061224e-02 7.65306122e-02
 7.52551020e-02 7.39795918e-02 7.27040816e-02 7.14285714e-02
 7.01530612e-02 6.88775510e-02 6.76020408e-02 6.63265306e-02
 6.50510204e-02 6.37755102e-02 6.25000000e-02 6.12244898e-02
 5.99489796e-02 5.86734694e-02 5.73979592e-02 5.61224490e-02
 5.48469388e-02 5.35714286e-02 5.22959184e-02 5.10204082e-02
 4.97448980e-02 4.84693878e-02 4.71938776e-02 4.59183673e-02
 4.46428571e-02 4.33673469e-02 4.20918367e-02 4.08163265e-02
 3.95408163e-02 3.82653061e-02 3.69897959e-02 3.57142857e-02
 3.44387755e-02 3.31632653e-02 3.18877551e-02 3.06122449e-02
 2.93367347e-02 2.80612245e-02 2.67857143e-02 2.55102041e-02
 2.42346939e-02 2.29591837e-02 2.16836735e-02 2.04081633e-02
 1.91326531e-02 1.78571429e-02 1.65816327e-02 1.53061224e-02
 1.40306122e-02 1.27551020e-02 1.14795918e-02 1.02040816e-02
 8.92857143e-03 7.65306122e-03 6.37755102e-03 5.10204082e-03
 3.82653061e-03 2.55102041e-03 1.27551020e-03 0.00000000e+00]
