16,[0.         0.00755333 0.01964667 0.01965333 0.03688667 0.06026667
 0.06026667 0.08959333 0.08959333 0.12612667 0.16827333 0.16828
 0.16828667 0.21650667 0.21651333 0.21652    0.27022667 0.32672667
 0.32673333 0.38890667 0.45492    0.52552667 0.6007     0.68551333
 0.7912     1.        ],[0.         0.20579333 0.31015333 0.31015333 0.39594    0.47290667
 0.47291333 0.5453     0.54531333 0.61296667 0.67562    0.67563333
 0.67563333 0.73310667 0.73310667 0.73311333 0.78474667 0.8307
 0.8307     0.87216    0.9076     0.93657333 0.96063333 0.97926
 0.99226667 1.        ],[2.         1.         0.9375     0.890625   0.875      0.8125
 0.78125    0.75       0.69791667 0.6875     0.625      0.6
 0.59375    0.5625     0.5375     0.53125    0.5        0.4375
 0.40625    0.375      0.3125     0.25       0.1875     0.125
 0.0625     0.        ]
64,[0.         0.00144667 0.00284667 0.00437333 0.00631333 0.00854667
 0.01124    0.01411333 0.01748667 0.02102    0.02486667 0.02486667
 0.02931333 0.03431333 0.03927333 0.04515333 0.05176667 0.05177333
 0.0585     0.06554667 0.07299333 0.08128    0.09007333 0.09007333
 0.09886667 0.10832    0.10832    0.1183     0.12836    0.12836667
 0.12836667 0.13924    0.15085333 0.16246667 0.17492    0.17492
 0.18726667 0.19945333 0.21262    0.22705333 0.22706    0.24160667
 0.25542667 0.25543333 0.27025333 0.28574    0.30138667 0.31673333
 0.33189333 0.34896    0.36532    0.38261333 0.39974667 0.41715333
 0.43506    0.45303333 0.4714     0.49003333 0.49004    0.50908
 0.52763333 0.54664    0.56619333 0.58617333 0.60565333 0.62657333
 0.64802667 0.66939333 0.69166    0.71592    0.74194667 0.77012
 0.80338667 0.84407333 0.89872667 1.        ],[0.         0.10640667 0.15312667 0.19100667 0.22375333 0.25226667
 0.27838    0.30304667 0.32582667 0.34801333 0.36948667 0.36949333
 0.39012    0.4109     0.43046    0.45095333 0.47064    0.47064
 0.48956667 0.50908    0.52773333 0.54617333 0.56476667 0.56478667
 0.58260667 0.60054    0.60054667 0.61809333 0.63524667 0.63524667
 0.63525333 0.65192667 0.66834    0.68477333 0.7006     0.70060667
 0.71644667 0.73126    0.74601333 0.7604     0.76040667 0.77471333
 0.78814667 0.78814667 0.80083333 0.81326    0.82572    0.83736
 0.84861333 0.85964667 0.86998667 0.87964    0.88972    0.89876
 0.90752667 0.91575333 0.92356    0.93078667 0.93078667 0.9379
 0.94468    0.95119333 0.95699333 0.96233333 0.96738    0.97222
 0.97684667 0.98096667 0.9845     0.98795333 0.99093333 0.99367333
 0.99564667 0.99765333 0.99908    1.        ],[2.         1.         0.984375   0.96875    0.953125   0.9375
 0.921875   0.90625    0.890625   0.875      0.859375   0.85677083
 0.84375    0.828125   0.8125     0.796875   0.78125    0.76953125
 0.765625   0.75       0.734375   0.71875    0.703125   0.69419643
 0.6875     0.671875   0.67075893 0.65625    0.640625   0.6328125
 0.63020833 0.625      0.609375   0.59375    0.578125   0.5671875
 0.5625     0.546875   0.53125    0.515625   0.50520833 0.5
 0.484375   0.47526042 0.46875    0.453125   0.4375     0.421875
 0.40625    0.390625   0.375      0.359375   0.34375    0.328125
 0.3125     0.296875   0.28125    0.265625   0.2578125  0.25
 0.234375   0.21875    0.203125   0.1875     0.171875   0.15625
 0.140625   0.125      0.109375   0.09375    0.078125   0.0625
 0.046875   0.03125    0.015625   0.        ]
144,[0.00000000e+00 5.93333333e-04 1.18000000e-03 1.79333333e-03
 2.44000000e-03 3.04666667e-03 3.73333333e-03 4.48000000e-03
 5.29333333e-03 6.16000000e-03 7.02000000e-03 8.02666667e-03
 9.12666667e-03 1.00533333e-02 1.13933333e-02 1.26400000e-02
 1.40333333e-02 1.54933333e-02 1.70466667e-02 1.85200000e-02
 2.01466667e-02 2.01466667e-02 2.16333333e-02 2.33200000e-02
 2.50733333e-02 2.69066667e-02 2.90733333e-02 3.13000000e-02
 3.36600000e-02 3.61666667e-02 3.61800000e-02 3.86533333e-02
 4.11266667e-02 4.33933333e-02 4.59800000e-02 4.88533333e-02
 5.18866667e-02 5.49666667e-02 5.77933333e-02 6.08200000e-02
 6.42266667e-02 6.76066667e-02 7.10333333e-02 7.10333333e-02
 7.48066667e-02 7.86866667e-02 8.26000000e-02 8.59866667e-02
 8.59866667e-02 8.98466667e-02 8.98466667e-02 9.36800000e-02
 9.79666667e-02 1.02266667e-01 1.06606667e-01 1.06613333e-01
 1.10920000e-01 1.10920000e-01 1.15300000e-01 1.15300000e-01
 1.20206667e-01 1.24820000e-01 1.29533333e-01 1.34193333e-01
 1.39346667e-01 1.44620000e-01 1.49653333e-01 1.54313333e-01
 1.59446667e-01 1.64866667e-01 1.70040000e-01 1.70046667e-01
 1.75720000e-01 1.81026667e-01 1.86626667e-01 1.92446667e-01
 1.98080000e-01 1.98080000e-01 2.03993333e-01 2.10133333e-01
 2.10140000e-01 2.16260000e-01 2.16260000e-01 2.22473333e-01
 2.29046667e-01 2.35553333e-01 2.35553333e-01 2.41626667e-01
 2.41633333e-01 2.48293333e-01 2.48293333e-01 2.54760000e-01
 2.61526667e-01 2.68346667e-01 2.75126667e-01 2.81586667e-01
 2.88660000e-01 2.95506667e-01 2.95513333e-01 3.03020000e-01
 3.09960000e-01 3.17040000e-01 3.24193333e-01 3.24200000e-01
 3.31606667e-01 3.38466667e-01 3.45913333e-01 3.53160000e-01
 3.60186667e-01 3.67866667e-01 3.75773333e-01 3.83433333e-01
 3.91000000e-01 3.98066667e-01 4.06146667e-01 4.14260000e-01
 4.22120000e-01 4.30806667e-01 4.38526667e-01 4.46613333e-01
 4.54593333e-01 4.62620000e-01 4.71180000e-01 4.79520000e-01
 4.87793333e-01 4.96186667e-01 5.04873333e-01 5.13326667e-01
 5.13333333e-01 5.21620000e-01 5.30340000e-01 5.39106667e-01
 5.47480000e-01 5.56373333e-01 5.65186667e-01 5.73913333e-01
 5.82333333e-01 5.91140000e-01 5.91146667e-01 6.00120000e-01
 6.09120000e-01 6.18580000e-01 6.27660000e-01 6.36886667e-01
 6.45906667e-01 6.55473333e-01 6.65073333e-01 6.74833333e-01
 6.84873333e-01 6.94466667e-01 7.05033333e-01 7.15813333e-01
 7.26926667e-01 7.38433333e-01 7.50326667e-01 7.63193333e-01
 7.77006667e-01 7.91106667e-01 8.07373333e-01 8.25073333e-01
 8.45386667e-01 8.68986667e-01 8.96406667e-01 9.33520000e-01
 1.00000000e+00],[0.         0.07631333 0.10587333 0.1301     0.15025333 0.16905333
 0.18583333 0.20170667 0.21566    0.22956667 0.24248    0.25497333
 0.26673333 0.27843333 0.28927333 0.30013333 0.31085333 0.32092667
 0.33082667 0.34038667 0.3499     0.34990667 0.35968667 0.36896667
 0.37825333 0.38758667 0.39641333 0.40538667 0.41482    0.42399333
 0.42399333 0.43278667 0.44164667 0.45036    0.4589     0.46805333
 0.47707333 0.48546    0.49436667 0.50316    0.51133333 0.51983333
 0.52806    0.52806667 0.53666    0.54505333 0.55311333 0.56127333
 0.56128    0.56942667 0.56943333 0.57764667 0.58531333 0.59334
 0.60134    0.60134    0.60903333 0.60904    0.61662    0.61662667
 0.62419333 0.63213333 0.63986667 0.64750667 0.65492667 0.6626
 0.6701     0.67756667 0.685      0.69236    0.69976667 0.69976667
 0.70689333 0.71361333 0.72022    0.72721333 0.73394667 0.73395333
 0.74060667 0.74756    0.74756667 0.75446    0.75446667 0.76098
 0.76692667 0.77325333 0.77326    0.77893333 0.77893333 0.78517333
 0.78518    0.79074667 0.7963     0.80234    0.80806    0.81361333
 0.8192     0.82449333 0.82449333 0.82957333 0.83496    0.84001333
 0.8453     0.8453     0.85012667 0.85504    0.85979333 0.86483333
 0.86938667 0.87402    0.87842667 0.8828     0.887      0.8915
 0.89538667 0.89976    0.90388667 0.90768667 0.91138    0.91482667
 0.91836    0.92196    0.92555333 0.92906667 0.93227333 0.93520667
 0.9384     0.94122667 0.94122667 0.94419333 0.9473     0.95025333
 0.95305333 0.95560667 0.95813333 0.96067333 0.96300667 0.96542
 0.96542    0.96774    0.96976667 0.97178    0.97378667 0.97561333
 0.97764    0.97950667 0.98123333 0.98288    0.98452    0.986
 0.98746667 0.98896    0.99028    0.99148667 0.99269333 0.9938
 0.99472    0.99572667 0.99672    0.99744667 0.99816    0.99873333
 0.99929333 0.99974667 1.        ],[2.         1.         0.99305556 0.98611111 0.97916667 0.97222222
 0.96527778 0.95833333 0.95138889 0.94444444 0.9375     0.93055556
 0.92361111 0.91666667 0.90972222 0.90277778 0.89583333 0.88888889
 0.88194444 0.875      0.86805556 0.86165123 0.86111111 0.85416667
 0.84722222 0.84027778 0.83333333 0.82638889 0.81944444 0.8125
 0.80902778 0.80555556 0.79861111 0.79166667 0.78472222 0.77777778
 0.77083333 0.76388889 0.75694444 0.75       0.74305556 0.73611111
 0.72916667 0.72395833 0.72222222 0.71527778 0.70833333 0.70138889
 0.69857804 0.69444444 0.69047619 0.6875     0.68055556 0.67361111
 0.66666667 0.66296296 0.65972222 0.65856481 0.65277778 0.65228175
 0.64583333 0.63888889 0.63194444 0.625      0.61805556 0.61111111
 0.60416667 0.59722222 0.59027778 0.58333333 0.57638889 0.57175926
 0.56944444 0.5625     0.55555556 0.54861111 0.54166667 0.53865741
 0.53472222 0.52777778 0.52662037 0.52083333 0.51736111 0.51388889
 0.50694444 0.5        0.49537037 0.49305556 0.48726852 0.48611111
 0.48263889 0.47916667 0.47222222 0.46527778 0.45833333 0.45138889
 0.44444444 0.4375     0.43645833 0.43055556 0.42361111 0.41666667
 0.40972222 0.40914352 0.40277778 0.39583333 0.38888889 0.38194444
 0.375      0.36805556 0.36111111 0.35416667 0.34722222 0.34027778
 0.33333333 0.32638889 0.31944444 0.3125     0.30555556 0.29861111
 0.29166667 0.28472222 0.27777778 0.27083333 0.26388889 0.25694444
 0.25       0.24305556 0.24247685 0.23611111 0.22916667 0.22222222
 0.21527778 0.20833333 0.20138889 0.19444444 0.1875     0.18055556
 0.17534722 0.17361111 0.16666667 0.15972222 0.15277778 0.14583333
 0.13888889 0.13194444 0.125      0.11805556 0.11111111 0.10416667
 0.09722222 0.09027778 0.08333333 0.07638889 0.06944444 0.0625
 0.05555556 0.04861111 0.04166667 0.03472222 0.02777778 0.02083333
 0.01388889 0.00694444 0.        ]
256,[0.00000000e+00 2.73333333e-04 6.26666667e-04 8.80000000e-04
 1.22000000e-03 1.53333333e-03 1.90666667e-03 2.32000000e-03
 2.68666667e-03 2.68666667e-03 3.01333333e-03 3.48666667e-03
 3.87333333e-03 4.29333333e-03 4.62666667e-03 5.07333333e-03
 5.07333333e-03 5.68666667e-03 6.16000000e-03 6.70000000e-03
 7.16000000e-03 7.59333333e-03 8.06000000e-03 8.72000000e-03
 9.40000000e-03 9.98666667e-03 1.05866667e-02 1.13333333e-02
 1.21200000e-02 1.28133333e-02 1.35400000e-02 1.43933333e-02
 1.51400000e-02 1.59000000e-02 1.68466667e-02 1.76400000e-02
 1.85400000e-02 1.93133333e-02 2.01400000e-02 2.01400000e-02
 2.11200000e-02 2.20866667e-02 2.31533333e-02 2.41066667e-02
 2.51600000e-02 2.62333333e-02 2.62333333e-02 2.74333333e-02
 2.85866667e-02 2.96666667e-02 3.08733333e-02 3.21266667e-02
 3.34933333e-02 3.45800000e-02 3.60466667e-02 3.74200000e-02
 3.88533333e-02 3.88666667e-02 4.03000000e-02 4.15866667e-02
 4.28533333e-02 4.43400000e-02 4.59200000e-02 4.75000000e-02
 4.75066667e-02 4.92400000e-02 5.08666667e-02 5.26466667e-02
 5.44266667e-02 5.61466667e-02 5.79466667e-02 5.97466667e-02
 6.13866667e-02 6.30533333e-02 6.50533333e-02 6.70466667e-02
 6.89200000e-02 7.07466667e-02 7.27066667e-02 7.47200000e-02
 7.67133333e-02 7.86733333e-02 8.07866667e-02 8.07866667e-02
 8.28600000e-02 8.49000000e-02 8.71666667e-02 8.94866667e-02
 9.18200000e-02 9.41866667e-02 9.41866667e-02 9.65200000e-02
 9.90800000e-02 1.01526667e-01 1.01526667e-01 1.03846667e-01
 1.06246667e-01 1.08733333e-01 1.11366667e-01 1.13766667e-01
 1.16146667e-01 1.16146667e-01 1.18760000e-01 1.21286667e-01
 1.24106667e-01 1.26740000e-01 1.29640000e-01 1.32393333e-01
 1.34880000e-01 1.34880000e-01 1.37693333e-01 1.40420000e-01
 1.40426667e-01 1.43580000e-01 1.46233333e-01 1.49073333e-01
 1.51980000e-01 1.54820000e-01 1.57606667e-01 1.60473333e-01
 1.63180000e-01 1.66106667e-01 1.69273333e-01 1.72566667e-01
 1.75853333e-01 1.78933333e-01 1.82213333e-01 1.82213333e-01
 1.85273333e-01 1.85280000e-01 1.88580000e-01 1.91993333e-01
 1.95340000e-01 1.98386667e-01 1.98393333e-01 1.98393333e-01
 2.01720000e-01 2.05133333e-01 2.08746667e-01 2.12160000e-01
 2.15773333e-01 2.18780000e-01 2.22420000e-01 2.26126667e-01
 2.29600000e-01 2.29600000e-01 2.33240000e-01 2.36980000e-01
 2.40686667e-01 2.44373333e-01 2.48173333e-01 2.51626667e-01
 2.55333333e-01 2.59106667e-01 2.62773333e-01 2.62780000e-01
 2.62780000e-01 2.66753333e-01 2.70700000e-01 2.70700000e-01
 2.74406667e-01 2.78253333e-01 2.82026667e-01 2.85646667e-01
 2.89700000e-01 2.89706667e-01 2.93733333e-01 2.97800000e-01
 3.01500000e-01 3.05353333e-01 3.09253333e-01 3.13426667e-01
 3.17626667e-01 3.21853333e-01 3.21860000e-01 3.26053333e-01
 3.30073333e-01 3.34113333e-01 3.38140000e-01 3.42280000e-01
 3.46593333e-01 3.50726667e-01 3.55033333e-01 3.59306667e-01
 3.63506667e-01 3.68086667e-01 3.72353333e-01 3.76393333e-01
 3.80786667e-01 3.80793333e-01 3.85006667e-01 3.89273333e-01
 3.93400000e-01 3.97793333e-01 4.02280000e-01 4.06626667e-01
 4.10933333e-01 4.15340000e-01 4.20053333e-01 4.24446667e-01
 4.29113333e-01 4.33593333e-01 4.38000000e-01 4.42620000e-01
 4.47140000e-01 4.51780000e-01 4.56286667e-01 4.61086667e-01
 4.61086667e-01 4.65566667e-01 4.70126667e-01 4.74840000e-01
 4.74846667e-01 4.79686667e-01 4.84206667e-01 4.88940000e-01
 4.93773333e-01 4.98293333e-01 5.03293333e-01 5.07986667e-01
 5.12953333e-01 5.18033333e-01 5.22700000e-01 5.27706667e-01
 5.32793333e-01 5.38086667e-01 5.43360000e-01 5.47793333e-01
 5.52606667e-01 5.57400000e-01 5.62333333e-01 5.67486667e-01
 5.72633333e-01 5.77500000e-01 5.82380000e-01 5.86820000e-01
 5.91680000e-01 5.96533333e-01 6.01700000e-01 6.06293333e-01
 6.11733333e-01 6.16840000e-01 6.16846667e-01 6.22193333e-01
 6.27266667e-01 6.32500000e-01 6.37486667e-01 6.42666667e-01
 6.48253333e-01 6.53506667e-01 6.58473333e-01 6.64006667e-01
 6.69440000e-01 6.74873333e-01 6.80220000e-01 6.85713333e-01
 6.91400000e-01 6.97066667e-01 7.03053333e-01 7.09166667e-01
 7.14993333e-01 7.21080000e-01 7.27313333e-01 7.33800000e-01
 7.40520000e-01 7.47146667e-01 7.54080000e-01 7.60973333e-01
 7.68326667e-01 7.76040000e-01 7.83860000e-01 7.92340000e-01
 8.00746667e-01 8.10586667e-01 8.20980000e-01 8.32026667e-01
 8.43793333e-01 8.56220000e-01 8.69900000e-01 8.85180000e-01
 9.03033333e-01 9.23993333e-01 9.51093333e-01 1.00000000e+00],[0.         0.06192667 0.08311333 0.10001333 0.11503333 0.12835333
 0.14063333 0.15206    0.16246    0.16246667 0.17229333 0.18172667
 0.19080667 0.19938667 0.20798667 0.21630667 0.21631333 0.22388
 0.23128667 0.23876667 0.24566    0.25262    0.2592     0.26600667
 0.27257333 0.27936    0.28564    0.29171333 0.29769333 0.30391333
 0.3099     0.31559333 0.32118667 0.32656    0.33198    0.33768
 0.34322    0.34869333 0.35424667 0.35425333 0.35954667 0.36477333
 0.36995333 0.37528    0.38028667 0.38546667 0.38547333 0.3906
 0.39565333 0.40064    0.40576667 0.41091333 0.41618    0.42111333
 0.42609333 0.43118    0.43597333 0.43597333 0.44119333 0.44608667
 0.45096    0.45593333 0.46092    0.46592667 0.46592667 0.47110667
 0.47604    0.48121333 0.48591333 0.49066667 0.49572    0.50057333
 0.50558    0.51032    0.51492667 0.51965333 0.52443333 0.52922
 0.53405333 0.53884667 0.54362    0.54833333 0.55316667 0.55317333
 0.55776667 0.56208667 0.56676667 0.57145333 0.57566    0.58031333
 0.58032    0.58498    0.58947333 0.59403333 0.59404    0.59832
 0.60293333 0.60732667 0.61172    0.61632667 0.62038    0.62038667
 0.62472    0.62900667 0.63332    0.63743333 0.6416     0.64581333
 0.64995333 0.64996    0.65428667 0.65882    0.65882    0.66302
 0.66724    0.67162    0.67569333 0.67974667 0.68372667 0.68794
 0.69230667 0.69649333 0.70055333 0.70458    0.70858    0.71243333
 0.71626    0.71626667 0.72022    0.72022    0.72423333 0.72802
 0.73206    0.73601333 0.73602    0.73602667 0.74008667 0.74368667
 0.74746    0.75121333 0.75488667 0.75844    0.76199333 0.76583333
 0.7693     0.76930667 0.77286    0.77598    0.77926    0.78249333
 0.78578667 0.78923333 0.79250667 0.79554667 0.79897333 0.79897333
 0.79898    0.80195333 0.80494    0.80494667 0.80806    0.81150667
 0.81465333 0.81778    0.82093333 0.82093333 0.82414667 0.82743333
 0.83047333 0.83346667 0.83652667 0.83926667 0.84195333 0.84501333
 0.84501333 0.84781333 0.85064667 0.85341333 0.85614667 0.85886
 0.86108    0.86396    0.86694667 0.86952    0.87198    0.87438667
 0.87696667 0.87952    0.88198    0.88198    0.88444    0.88698667
 0.88943333 0.89184    0.89404667 0.89630667 0.89860667 0.90107333
 0.90328667 0.90551333 0.90801333 0.91002667 0.91211333 0.91420667
 0.91590667 0.91814    0.92005333 0.92190667 0.92192    0.92392667
 0.92592667 0.92772667 0.92772667 0.92954    0.93142667 0.93328667
 0.93497333 0.93678    0.93851333 0.94026667 0.94198    0.94363333
 0.94540667 0.94698667 0.94877333 0.95022667 0.95180667 0.95339333
 0.95491333 0.95638    0.95798667 0.95925333 0.96037333 0.96163333
 0.96317333 0.96435333 0.96574    0.9672     0.96826667 0.96949333
 0.97060667 0.97172    0.97172    0.97276667 0.97393333 0.97496667
 0.97612667 0.97718667 0.97826667 0.97931333 0.98045333 0.98137333
 0.98231333 0.98328667 0.98427333 0.98504    0.98599333 0.98682667
 0.98761333 0.98835333 0.9892     0.98996667 0.9907     0.99146
 0.99204667 0.99264667 0.99324    0.99373333 0.99442667 0.99502
 0.99553333 0.99605333 0.99657333 0.99708    0.99745333 0.99782667
 0.99820667 0.99854    0.99897333 0.99924    0.99950667 0.99968667
 0.99988    1.        ],[2.         1.         0.99609375 0.9921875  0.98828125 0.984375
 0.98046875 0.9765625  0.97265625 0.97070312 0.96875    0.96484375
 0.9609375  0.95703125 0.953125   0.94921875 0.94726562 0.9453125
 0.94140625 0.9375     0.93359375 0.9296875  0.92578125 0.921875
 0.91796875 0.9140625  0.91015625 0.90625    0.90234375 0.8984375
 0.89453125 0.890625   0.88671875 0.8828125  0.87890625 0.875
 0.87109375 0.8671875  0.86328125 0.86163194 0.859375   0.85546875
 0.8515625  0.84765625 0.84375    0.83984375 0.83886719 0.8359375
 0.83203125 0.828125   0.82421875 0.8203125  0.81640625 0.8125
 0.80859375 0.8046875  0.80078125 0.79817708 0.796875   0.79296875
 0.7890625  0.78515625 0.78125    0.77734375 0.77571615 0.7734375
 0.76953125 0.765625   0.76171875 0.7578125  0.75390625 0.75
 0.74609375 0.7421875  0.73828125 0.734375   0.73046875 0.7265625
 0.72265625 0.71875    0.71484375 0.7109375  0.70703125 0.70642671
 0.703125   0.69921875 0.6953125  0.69140625 0.6875     0.68359375
 0.68136161 0.6796875  0.67578125 0.671875   0.67154948 0.66796875
 0.6640625  0.66015625 0.65625    0.65234375 0.6484375  0.64778646
 0.64453125 0.640625   0.63671875 0.6328125  0.62890625 0.625
 0.62109375 0.61983817 0.6171875  0.61328125 0.61315104 0.609375
 0.60546875 0.6015625  0.59765625 0.59375    0.58984375 0.5859375
 0.58203125 0.578125   0.57421875 0.5703125  0.56640625 0.5625
 0.55859375 0.55664062 0.5546875  0.55208333 0.55078125 0.546875
 0.54296875 0.5390625  0.53678385 0.53639323 0.53515625 0.53125
 0.52734375 0.5234375  0.51953125 0.515625   0.51171875 0.5078125
 0.50390625 0.50097656 0.5        0.49609375 0.4921875  0.48828125
 0.484375   0.48046875 0.4765625  0.47265625 0.46875    0.4671224
 0.46614583 0.46484375 0.4609375  0.45865885 0.45703125 0.453125
 0.44921875 0.4453125  0.44140625 0.44095052 0.4375     0.43359375
 0.4296875  0.42578125 0.421875   0.41796875 0.4140625  0.41015625
 0.40657552 0.40625    0.40234375 0.3984375  0.39453125 0.390625
 0.38671875 0.3828125  0.37890625 0.375      0.37109375 0.3671875
 0.36328125 0.359375   0.35546875 0.35351562 0.3515625  0.34765625
 0.34375    0.33984375 0.3359375  0.33203125 0.328125   0.32421875
 0.3203125  0.31640625 0.3125     0.30859375 0.3046875  0.30078125
 0.296875   0.29296875 0.2890625  0.28515625 0.28320312 0.28125
 0.27734375 0.2734375  0.27018229 0.26953125 0.265625   0.26171875
 0.2578125  0.25390625 0.25       0.24609375 0.2421875  0.23828125
 0.234375   0.23046875 0.2265625  0.22265625 0.21875    0.21484375
 0.2109375  0.20703125 0.203125   0.19921875 0.1953125  0.19140625
 0.1875     0.18359375 0.1796875  0.17578125 0.171875   0.16796875
 0.1640625  0.16015625 0.15722656 0.15625    0.15234375 0.1484375
 0.14453125 0.140625   0.13671875 0.1328125  0.12890625 0.125
 0.12109375 0.1171875  0.11328125 0.109375   0.10546875 0.1015625
 0.09765625 0.09375    0.08984375 0.0859375  0.08203125 0.078125
 0.07421875 0.0703125  0.06640625 0.0625     0.05859375 0.0546875
 0.05078125 0.046875   0.04296875 0.0390625  0.03515625 0.03125
 0.02734375 0.0234375  0.01953125 0.015625   0.01171875 0.0078125
 0.00390625 0.        ]
400,[0.00000000e+00 2.06666667e-04 3.86666667e-04 5.66666667e-04
 7.13333333e-04 9.60000000e-04 1.18000000e-03 1.40000000e-03
 1.60000000e-03 1.84666667e-03 2.02000000e-03 2.24000000e-03
 2.55333333e-03 2.80000000e-03 3.09333333e-03 3.09333333e-03
 3.28000000e-03 3.53333333e-03 3.77333333e-03 4.03333333e-03
 4.32000000e-03 4.56000000e-03 4.84666667e-03 5.06000000e-03
 5.35333333e-03 5.64666667e-03 5.99333333e-03 6.28666667e-03
 6.60000000e-03 6.94000000e-03 7.30000000e-03 7.65333333e-03
 8.06666667e-03 8.42000000e-03 8.84000000e-03 9.29333333e-03
 9.70000000e-03 1.01000000e-02 1.04733333e-02 1.09200000e-02
 1.12800000e-02 1.17600000e-02 1.22666667e-02 1.27800000e-02
 1.32133333e-02 1.36800000e-02 1.41600000e-02 1.47333333e-02
 1.52000000e-02 1.56600000e-02 1.62066667e-02 1.67466667e-02
 1.72333333e-02 1.78066667e-02 1.83133333e-02 1.88000000e-02
 1.93400000e-02 1.98600000e-02 1.98600000e-02 2.05000000e-02
 2.10466667e-02 2.17733333e-02 2.24933333e-02 2.31866667e-02
 2.38133333e-02 2.44466667e-02 2.50600000e-02 2.57866667e-02
 2.65000000e-02 2.65000000e-02 2.70400000e-02 2.78466667e-02
 2.85800000e-02 2.92533333e-02 3.00866667e-02 3.08733333e-02
 3.15400000e-02 3.23466667e-02 3.32466667e-02 3.32533333e-02
 3.42466667e-02 3.50200000e-02 3.59733333e-02 3.67933333e-02
 3.76333333e-02 3.85000000e-02 3.94200000e-02 3.94266667e-02
 4.02466667e-02 4.12400000e-02 4.12466667e-02 4.20866667e-02
 4.30666667e-02 4.39733333e-02 4.47600000e-02 4.57933333e-02
 4.67200000e-02 4.76600000e-02 4.86866667e-02 4.95666667e-02
 5.07133333e-02 5.18000000e-02 5.28733333e-02 5.38933333e-02
 5.49133333e-02 5.60133333e-02 5.71600000e-02 5.82600000e-02
 5.93666667e-02 6.05866667e-02 6.18866667e-02 6.29400000e-02
 6.42666667e-02 6.55266667e-02 6.68800000e-02 6.81400000e-02
 6.96466667e-02 7.08200000e-02 7.21000000e-02 7.21000000e-02
 7.32400000e-02 7.44600000e-02 7.44600000e-02 7.59000000e-02
 7.71800000e-02 7.84266667e-02 7.97066667e-02 8.11200000e-02
 8.25200000e-02 8.38800000e-02 8.54333333e-02 8.68866667e-02
 8.82666667e-02 8.97200000e-02 9.11400000e-02 9.25533333e-02
 9.40266667e-02 9.54733333e-02 9.70933333e-02 9.84533333e-02
 9.99200000e-02 1.01546667e-01 1.03113333e-01 1.03113333e-01
 1.04573333e-01 1.06226667e-01 1.06226667e-01 1.07793333e-01
 1.09500000e-01 1.11293333e-01 1.12980000e-01 1.12980000e-01
 1.14606667e-01 1.16146667e-01 1.17846667e-01 1.19500000e-01
 1.21120000e-01 1.22786667e-01 1.24646667e-01 1.26386667e-01
 1.28246667e-01 1.29873333e-01 1.31553333e-01 1.33360000e-01
 1.35093333e-01 1.36846667e-01 1.38360000e-01 1.40133333e-01
 1.41860000e-01 1.43533333e-01 1.45520000e-01 1.47380000e-01
 1.49193333e-01 1.49193333e-01 1.51060000e-01 1.51066667e-01
 1.52993333e-01 1.54840000e-01 1.56666667e-01 1.56666667e-01
 1.58566667e-01 1.60460000e-01 1.62473333e-01 1.64366667e-01
 1.66446667e-01 1.68340000e-01 1.70106667e-01 1.72206667e-01
 1.74286667e-01 1.74293333e-01 1.76213333e-01 1.78193333e-01
 1.80186667e-01 1.82066667e-01 1.84060000e-01 1.86260000e-01
 1.88373333e-01 1.88373333e-01 1.90493333e-01 1.92480000e-01
 1.94486667e-01 1.96706667e-01 1.98720000e-01 2.00906667e-01
 2.00906667e-01 2.03033333e-01 2.05506667e-01 2.05513333e-01
 2.07733333e-01 2.09626667e-01 2.11840000e-01 2.14020000e-01
 2.16260000e-01 2.18646667e-01 2.20880000e-01 2.23100000e-01
 2.25533333e-01 2.28093333e-01 2.30200000e-01 2.32493333e-01
 2.34660000e-01 2.37060000e-01 2.39266667e-01 2.41686667e-01
 2.44133333e-01 2.46426667e-01 2.48973333e-01 2.51173333e-01
 2.53646667e-01 2.56126667e-01 2.58746667e-01 2.58753333e-01
 2.61173333e-01 2.63666667e-01 2.66080000e-01 2.68213333e-01
 2.70546667e-01 2.73020000e-01 2.73026667e-01 2.73026667e-01
 2.75413333e-01 2.77893333e-01 2.80300000e-01 2.80300000e-01
 2.82866667e-01 2.85113333e-01 2.87460000e-01 2.89846667e-01
 2.92453333e-01 2.94993333e-01 2.97540000e-01 2.99993333e-01
 3.02646667e-01 3.05400000e-01 3.08006667e-01 3.10546667e-01
 3.13246667e-01 3.15940000e-01 3.18266667e-01 3.20920000e-01
 3.23360000e-01 3.23366667e-01 3.26040000e-01 3.28633333e-01
 3.31066667e-01 3.33820000e-01 3.36666667e-01 3.39266667e-01
 3.41873333e-01 3.44633333e-01 3.47360000e-01 3.50200000e-01
 3.52933333e-01 3.55600000e-01 3.58640000e-01 3.61093333e-01
 3.63833333e-01 3.66646667e-01 3.69506667e-01 3.72346667e-01
 3.75026667e-01 3.77840000e-01 3.77840000e-01 3.80626667e-01
 3.80633333e-01 3.83166667e-01 3.85953333e-01 3.88466667e-01
 3.91160000e-01 3.93973333e-01 3.96660000e-01 3.99506667e-01
 4.02353333e-01 4.05220000e-01 4.07886667e-01 4.10900000e-01
 4.13733333e-01 4.16600000e-01 4.19653333e-01 4.22453333e-01
 4.25426667e-01 4.28200000e-01 4.31133333e-01 4.34153333e-01
 4.37133333e-01 4.40146667e-01 4.40146667e-01 4.42920000e-01
 4.45866667e-01 4.48773333e-01 4.51706667e-01 4.54780000e-01
 4.57740000e-01 4.60653333e-01 4.63700000e-01 4.66506667e-01
 4.69486667e-01 4.72286667e-01 4.75380000e-01 4.75380000e-01
 4.78446667e-01 4.81386667e-01 4.84486667e-01 4.87760000e-01
 4.90806667e-01 4.93793333e-01 4.96920000e-01 4.99880000e-01
 5.03040000e-01 5.06053333e-01 5.08940000e-01 5.11773333e-01
 5.11780000e-01 5.14793333e-01 5.17820000e-01 5.21173333e-01
 5.24640000e-01 5.27680000e-01 5.30960000e-01 5.33873333e-01
 5.37000000e-01 5.40146667e-01 5.43360000e-01 5.46453333e-01
 5.49780000e-01 5.52973333e-01 5.56360000e-01 5.59393333e-01
 5.62706667e-01 5.65813333e-01 5.68940000e-01 5.71913333e-01
 5.75006667e-01 5.78113333e-01 5.81266667e-01 5.84693333e-01
 5.87913333e-01 5.91033333e-01 5.94020000e-01 5.97140000e-01
 6.00666667e-01 6.03813333e-01 6.06860000e-01 6.09986667e-01
 6.13300000e-01 6.16426667e-01 6.19700000e-01 6.22973333e-01
 6.22980000e-01 6.26173333e-01 6.29413333e-01 6.32626667e-01
 6.32633333e-01 6.35966667e-01 6.39200000e-01 6.42473333e-01
 6.45900000e-01 6.49286667e-01 6.52653333e-01 6.56066667e-01
 6.59640000e-01 6.63313333e-01 6.66613333e-01 6.70193333e-01
 6.73540000e-01 6.76973333e-01 6.80360000e-01 6.83966667e-01
 6.87540000e-01 6.91140000e-01 6.94833333e-01 6.98360000e-01
 7.01993333e-01 7.05860000e-01 7.10013333e-01 7.13786667e-01
 7.18026667e-01 7.21780000e-01 7.21786667e-01 7.25760000e-01
 7.29533333e-01 7.33546667e-01 7.37820000e-01 7.42100000e-01
 7.46586667e-01 7.51193333e-01 7.55546667e-01 7.59946667e-01
 7.64606667e-01 7.64613333e-01 7.69213333e-01 7.74173333e-01
 7.79133333e-01 7.84706667e-01 7.89826667e-01 7.89833333e-01
 7.95500000e-01 8.01086667e-01 8.07133333e-01 8.13180000e-01
 8.19920000e-01 8.27113333e-01 8.33933333e-01 8.41106667e-01
 8.49080000e-01 8.57713333e-01 8.66320000e-01 8.75766667e-01
 8.86026667e-01 8.97213333e-01 9.09653333e-01 9.23906667e-01
 9.40720000e-01 9.61800000e-01 1.00000000e+00],[0.         0.05372667 0.07031333 0.08262    0.09347333 0.10363333
 0.11329333 0.12242    0.13086667 0.13858667 0.14600667 0.15334
 0.16008667 0.16702    0.17318667 0.17319333 0.17948    0.18541333
 0.19118    0.19672    0.20252667 0.20768    0.2126     0.21763333
 0.22283333 0.22771333 0.2325     0.23721333 0.24188667 0.24656
 0.25091333 0.25525333 0.25945333 0.26354    0.26795333 0.27217333
 0.27632667 0.28014667 0.28429333 0.28820667 0.29222    0.29616
 0.30005333 0.30377333 0.30745333 0.31117333 0.31514    0.31888667
 0.32253333 0.32586    0.32957333 0.33316    0.33656667 0.34008667
 0.34351333 0.347      0.35077333 0.35440667 0.35441333 0.35791333
 0.36114667 0.36433333 0.36748667 0.37078    0.37377333 0.37714
 0.3804     0.38372    0.38714    0.38714667 0.39056667 0.3939
 0.39716667 0.40046    0.40348    0.40666667 0.40996667 0.41321333
 0.41618    0.41618    0.41952667 0.42283333 0.42608    0.42926667
 0.43250667 0.43569333 0.43913333 0.43913333 0.44228    0.44542
 0.44542    0.44862667 0.4517     0.45488    0.4583     0.46128667
 0.46422    0.46748    0.47060667 0.47392667 0.47712667 0.48022
 0.48356    0.48685333 0.49013333 0.49322    0.49621333 0.49944
 0.50243333 0.50548    0.50849333 0.51146    0.51463333 0.51762
 0.52059333 0.52380667 0.5268     0.52994    0.53300667 0.53301333
 0.53601333 0.53872    0.53872667 0.54186    0.54486667 0.54786667
 0.55074    0.55387333 0.55667333 0.55998667 0.56306    0.56604
 0.56883333 0.57180667 0.57489333 0.57788    0.58057333 0.58352
 0.58648    0.58962    0.59231333 0.59509333 0.59789333 0.5979
 0.60088667 0.60372667 0.60373333 0.60641333 0.60936    0.61226667
 0.61490667 0.61491333 0.61782667 0.62051333 0.62322    0.62601333
 0.62889333 0.63176    0.6345     0.63694667 0.63988667 0.64252667
 0.64523333 0.64814    0.65078667 0.65343333 0.65632667 0.65891333
 0.66165333 0.66434667 0.66697333 0.66942    0.67215333 0.67216
 0.67482    0.67482    0.6776     0.68030667 0.68282    0.68282667
 0.68548667 0.68824    0.69083333 0.69371333 0.69648    0.69910667
 0.70172    0.70422    0.70691333 0.70692    0.70966667 0.71214
 0.71448    0.7171     0.71958    0.72194    0.72469333 0.7247
 0.72712667 0.72942667 0.73197333 0.73444667 0.73672    0.73908667
 0.73909333 0.74142    0.74377333 0.74377333 0.74612    0.74836
 0.75076    0.75308    0.75533333 0.75774667 0.76018    0.76273333
 0.76491333 0.76745333 0.76965333 0.77185333 0.77410667 0.77632667
 0.77846667 0.78084667 0.78298667 0.78521333 0.78722667 0.78922667
 0.79118    0.79313333 0.79528667 0.79528667 0.79732667 0.79946
 0.80142    0.80348667 0.80562    0.80758    0.80758    0.80758667
 0.80954    0.81155333 0.81348667 0.81349333 0.81536667 0.81757333
 0.8197     0.82168    0.82355333 0.82564    0.8276     0.82958667
 0.83148    0.83347333 0.83559333 0.83748667 0.83944    0.84140667
 0.84327333 0.84503333 0.84678667 0.84678667 0.84863333 0.85032
 0.85212    0.85392667 0.85568667 0.8573     0.85895333 0.86067333
 0.86242667 0.86410667 0.86572    0.86735333 0.86913333 0.87085333
 0.8725     0.87407333 0.8756     0.87715333 0.87886    0.88044
 0.88044667 0.88209333 0.88209333 0.88373333 0.88532    0.8869
 0.88827333 0.88978667 0.89138    0.89295333 0.89458667 0.89598
 0.89738    0.89895333 0.90038    0.90169333 0.90319333 0.90461333
 0.90583333 0.90724    0.90881333 0.91036    0.91181333 0.91323333
 0.91324    0.91455333 0.91579333 0.91720667 0.91836667 0.9197
 0.92098    0.92234    0.92359333 0.92489333 0.92612    0.92720667
 0.92834    0.92834667 0.92973333 0.93078    0.93175333 0.93292667
 0.93409333 0.93526    0.93644    0.93744667 0.93860667 0.93972667
 0.94079333 0.94208    0.94208    0.94326667 0.94432667 0.94532
 0.94636667 0.94748    0.9485     0.94957333 0.95056667 0.95152667
 0.9525     0.95358    0.95445333 0.95536667 0.95629333 0.95722
 0.95804    0.95896    0.95984667 0.96064667 0.96156    0.96234667
 0.96316667 0.96394    0.96488    0.96569333 0.96652    0.96725333
 0.96806    0.96892    0.96974667 0.97052    0.97120667 0.97202667
 0.97284667 0.97351333 0.97351333 0.97417333 0.97483333 0.97559333
 0.97559333 0.97624667 0.977      0.97772    0.97839333 0.97906
 0.97966667 0.98036667 0.98103333 0.98159333 0.98225333 0.98280667
 0.98334667 0.98392    0.9845     0.98504    0.98554    0.98615333
 0.98670667 0.98720667 0.98775333 0.98826    0.98877333 0.98934
 0.98976667 0.99022667 0.99022667 0.99065333 0.99112    0.99149333
 0.99191333 0.99232    0.99272    0.99304667 0.99335333 0.99376667
 0.9941     0.9941     0.99446    0.99487333 0.99530667 0.99568
 0.99604667 0.99604667 0.99636667 0.99660667 0.99683333 0.99724
 0.99748    0.99769333 0.99792667 0.99821333 0.99848667 0.99868
 0.99891333 0.99908    0.99934    0.99952667 0.99962    0.99974
 0.99984    0.99992667 1.        ],[2.         1.         0.9975     0.995      0.9925     0.99
 0.9875     0.985      0.9825     0.98       0.9775     0.975
 0.9725     0.97       0.9675     0.96625    0.965      0.9625
 0.96       0.9575     0.955      0.9525     0.95       0.9475
 0.945      0.9425     0.94       0.9375     0.935      0.9325
 0.93       0.9275     0.925      0.9225     0.92       0.9175
 0.915      0.9125     0.91       0.9075     0.905      0.9025
 0.9        0.8975     0.895      0.8925     0.89       0.8875
 0.885      0.8825     0.88       0.8775     0.875      0.8725
 0.87       0.8675     0.865      0.8625     0.86019444 0.86
 0.8575     0.855      0.8525     0.85       0.8475     0.845
 0.8425     0.84       0.8375     0.835625   0.835      0.8325
 0.83       0.8275     0.825      0.8225     0.82       0.8175
 0.815      0.81333333 0.8125     0.81       0.8075     0.805
 0.8025     0.8        0.7975     0.79625    0.795      0.7925
 0.790625   0.79       0.7875     0.785      0.7825     0.78
 0.7775     0.775      0.7725     0.77       0.7675     0.765
 0.7625     0.76       0.7575     0.755      0.7525     0.75
 0.7475     0.745      0.7425     0.74       0.7375     0.735
 0.7325     0.73       0.7275     0.725      0.7225     0.7218631
 0.72       0.7175     0.71669643 0.715      0.7125     0.71
 0.7075     0.705      0.7025     0.7        0.6975     0.695
 0.6925     0.69       0.6875     0.685      0.6825     0.68
 0.6775     0.675      0.6725     0.67       0.6675     0.66741071
 0.665      0.6625     0.66166667 0.66       0.6575     0.655
 0.6525     0.6510119  0.65       0.6475     0.645      0.6425
 0.64       0.6375     0.635      0.6325     0.63       0.6275
 0.625      0.6225     0.62       0.6175     0.615      0.6125
 0.61       0.6075     0.605      0.6025     0.6        0.59894643
 0.5975     0.59704167 0.595      0.5925     0.59       0.58875
 0.5875     0.585      0.5825     0.58       0.5775     0.575
 0.5725     0.57       0.5675     0.56520833 0.565      0.5625
 0.56       0.5575     0.555      0.5525     0.55       0.54758333
 0.5475     0.545      0.5425     0.54       0.5375     0.535
 0.533125   0.5325     0.53       0.52833333 0.5275     0.525
 0.5225     0.52       0.5175     0.515      0.5125     0.51
 0.5075     0.505      0.5025     0.5        0.4975     0.495
 0.4925     0.49       0.4875     0.485      0.4825     0.48
 0.4775     0.475      0.4725     0.47141667 0.47       0.4675
 0.465      0.4625     0.46       0.4575     0.45625    0.45583333
 0.455      0.4525     0.45       0.44908333 0.4475     0.445
 0.4425     0.44       0.4375     0.435      0.4325     0.43
 0.4275     0.425      0.4225     0.42       0.4175     0.415
 0.4125     0.41       0.4075     0.40641667 0.405      0.4025
 0.4        0.3975     0.395      0.3925     0.39       0.3875
 0.385      0.3825     0.38       0.3775     0.375      0.3725
 0.37       0.3675     0.365      0.3625     0.36       0.3575
 0.35642857 0.355      0.35375    0.3525     0.35       0.3475
 0.345      0.3425     0.34       0.3375     0.335      0.3325
 0.33       0.3275     0.325      0.3225     0.32       0.3175
 0.315      0.3125     0.31       0.3075     0.305      0.3025
 0.30125    0.3        0.2975     0.295      0.2925     0.29
 0.2875     0.285      0.2825     0.28       0.2775     0.275
 0.2725     0.27125    0.27       0.2675     0.265      0.2625
 0.26       0.2575     0.255      0.2525     0.25       0.2475
 0.245      0.2425     0.24166667 0.24       0.2375     0.235
 0.2325     0.23       0.2275     0.225      0.2225     0.22
 0.2175     0.215      0.2125     0.21       0.2075     0.205
 0.2025     0.2        0.1975     0.195      0.1925     0.19
 0.1875     0.185      0.1825     0.18       0.1775     0.175
 0.1725     0.17       0.1675     0.165      0.1625     0.16
 0.1575     0.155      0.154375   0.1525     0.15       0.1475
 0.145625   0.145      0.1425     0.14       0.1375     0.135
 0.1325     0.13       0.1275     0.125      0.1225     0.12
 0.1175     0.115      0.1125     0.11       0.1075     0.105
 0.1025     0.1        0.0975     0.095      0.0925     0.09
 0.0875     0.085      0.08333333 0.0825     0.08       0.0775
 0.075      0.0725     0.07       0.0675     0.065      0.0625
 0.06       0.059375   0.0575     0.055      0.0525     0.05
 0.0475     0.046875   0.045      0.0425     0.04       0.0375
 0.035      0.0325     0.03       0.0275     0.025      0.0225
 0.02       0.0175     0.015      0.0125     0.01       0.0075
 0.005      0.0025     0.        ]
576,[0.00000000e+00 1.33333333e-04 2.80000000e-04 4.00000000e-04
 5.26666667e-04 6.46666667e-04 8.06666667e-04 9.46666667e-04
 1.09333333e-03 1.20000000e-03 1.36000000e-03 1.58000000e-03
 1.73333333e-03 1.74000000e-03 1.84000000e-03 1.99333333e-03
 2.15333333e-03 2.31333333e-03 2.44000000e-03 2.60666667e-03
 2.76666667e-03 2.90666667e-03 3.11333333e-03 3.23333333e-03
 3.23333333e-03 3.42666667e-03 3.60000000e-03 3.78000000e-03
 3.99333333e-03 4.16000000e-03 4.35333333e-03 4.35333333e-03
 4.49333333e-03 4.72666667e-03 4.90666667e-03 5.08666667e-03
 5.29333333e-03 5.48666667e-03 5.74666667e-03 5.96000000e-03
 6.12666667e-03 6.32666667e-03 6.62000000e-03 6.62000000e-03
 6.87333333e-03 7.11333333e-03 7.35333333e-03 7.35333333e-03
 7.56000000e-03 7.79333333e-03 8.05333333e-03 8.32666667e-03
 8.62666667e-03 8.91333333e-03 9.18666667e-03 9.41333333e-03
 9.68666667e-03 1.00066667e-02 1.03800000e-02 1.06933333e-02
 1.09733333e-02 1.13200000e-02 1.16400000e-02 1.19800000e-02
 1.22866667e-02 1.25800000e-02 1.28400000e-02 1.31333333e-02
 1.34133333e-02 1.38400000e-02 1.42333333e-02 1.45266667e-02
 1.48533333e-02 1.52266667e-02 1.56733333e-02 1.60333333e-02
 1.63600000e-02 1.66933333e-02 1.71200000e-02 1.75333333e-02
 1.78600000e-02 1.81933333e-02 1.85800000e-02 1.88600000e-02
 1.92600000e-02 1.97066667e-02 2.00533333e-02 2.05133333e-02
 2.09133333e-02 2.12800000e-02 2.17333333e-02 2.21600000e-02
 2.26266667e-02 2.26266667e-02 2.30600000e-02 2.33866667e-02
 2.38600000e-02 2.44066667e-02 2.48266667e-02 2.53800000e-02
 2.59333333e-02 2.64133333e-02 2.68733333e-02 2.74000000e-02
 2.78933333e-02 2.83600000e-02 2.88933333e-02 2.93866667e-02
 2.99866667e-02 3.05000000e-02 3.05000000e-02 3.10133333e-02
 3.15666667e-02 3.21266667e-02 3.27066667e-02 3.32866667e-02
 3.38666667e-02 3.43800000e-02 3.50000000e-02 3.55200000e-02
 3.55266667e-02 3.61866667e-02 3.67400000e-02 3.67466667e-02
 3.73000000e-02 3.78800000e-02 3.85933333e-02 3.91933333e-02
 3.98933333e-02 4.04933333e-02 4.10533333e-02 4.17400000e-02
 4.25133333e-02 4.31933333e-02 4.39266667e-02 4.45133333e-02
 4.52333333e-02 4.52400000e-02 4.58866667e-02 4.64733333e-02
 4.70000000e-02 4.77466667e-02 4.85000000e-02 4.91600000e-02
 4.99333333e-02 5.07066667e-02 5.13333333e-02 5.19466667e-02
 5.26866667e-02 5.35066667e-02 5.41733333e-02 5.48866667e-02
 5.57266667e-02 5.63733333e-02 5.70533333e-02 5.78266667e-02
 5.86800000e-02 5.95533333e-02 6.04266667e-02 6.04266667e-02
 6.13533333e-02 6.22533333e-02 6.31133333e-02 6.39200000e-02
 6.47533333e-02 6.55466667e-02 6.64066667e-02 6.72266667e-02
 6.80400000e-02 6.80400000e-02 6.89133333e-02 6.97666667e-02
 7.06333333e-02 7.16133333e-02 7.25000000e-02 7.33933333e-02
 7.44000000e-02 7.52333333e-02 7.61800000e-02 7.71266667e-02
 7.80600000e-02 7.89800000e-02 7.99066667e-02 8.07600000e-02
 8.07600000e-02 8.16666667e-02 8.26400000e-02 8.35333333e-02
 8.44733333e-02 8.55933333e-02 8.65733333e-02 8.74600000e-02
 8.84866667e-02 8.94400000e-02 9.04600000e-02 9.14666667e-02
 9.24933333e-02 9.34466667e-02 9.46266667e-02 9.55733333e-02
 9.55733333e-02 9.65400000e-02 9.75400000e-02 9.86200000e-02
 9.98333333e-02 1.00980000e-01 1.02040000e-01 1.03246667e-01
 1.04266667e-01 1.04266667e-01 1.05280000e-01 1.06433333e-01
 1.07660000e-01 1.08833333e-01 1.10066667e-01 1.10066667e-01
 1.11080000e-01 1.12280000e-01 1.13466667e-01 1.14526667e-01
 1.15740000e-01 1.16973333e-01 1.18020000e-01 1.19173333e-01
 1.20193333e-01 1.21360000e-01 1.22493333e-01 1.23726667e-01
 1.24986667e-01 1.26306667e-01 1.27380000e-01 1.28700000e-01
 1.29773333e-01 1.30940000e-01 1.31986667e-01 1.33193333e-01
 1.34333333e-01 1.35593333e-01 1.36873333e-01 1.38113333e-01
 1.39313333e-01 1.40540000e-01 1.41940000e-01 1.43200000e-01
 1.44460000e-01 1.45740000e-01 1.47093333e-01 1.48420000e-01
 1.49646667e-01 1.50820000e-01 1.52073333e-01 1.53440000e-01
 1.54640000e-01 1.55973333e-01 1.57340000e-01 1.57346667e-01
 1.58640000e-01 1.59840000e-01 1.60986667e-01 1.62426667e-01
 1.62426667e-01 1.63713333e-01 1.65186667e-01 1.66606667e-01
 1.67940000e-01 1.67946667e-01 1.69320000e-01 1.70580000e-01
 1.71926667e-01 1.73233333e-01 1.74693333e-01 1.76193333e-01
 1.77573333e-01 1.78953333e-01 1.78953333e-01 1.80333333e-01
 1.81606667e-01 1.81606667e-01 1.83093333e-01 1.84600000e-01
 1.85993333e-01 1.87206667e-01 1.88746667e-01 1.90360000e-01
 1.91640000e-01 1.93040000e-01 1.94646667e-01 1.96106667e-01
 1.97626667e-01 1.99173333e-01 2.00713333e-01 2.02246667e-01
 2.03746667e-01 2.05253333e-01 2.06700000e-01 2.08253333e-01
 2.09773333e-01 2.11220000e-01 2.12853333e-01 2.14300000e-01
 2.15813333e-01 2.17460000e-01 2.19106667e-01 2.19113333e-01
 2.20713333e-01 2.22360000e-01 2.23986667e-01 2.25573333e-01
 2.27053333e-01 2.28806667e-01 2.30533333e-01 2.32213333e-01
 2.33913333e-01 2.35446667e-01 2.37140000e-01 2.38666667e-01
 2.40280000e-01 2.42033333e-01 2.43593333e-01 2.45326667e-01
 2.46813333e-01 2.48340000e-01 2.50046667e-01 2.51653333e-01
 2.53140000e-01 2.54800000e-01 2.56486667e-01 2.58360000e-01
 2.58366667e-01 2.60066667e-01 2.61800000e-01 2.63400000e-01
 2.65013333e-01 2.66633333e-01 2.68173333e-01 2.69900000e-01
 2.71686667e-01 2.71686667e-01 2.73493333e-01 2.75020000e-01
 2.75020000e-01 2.76746667e-01 2.78433333e-01 2.80200000e-01
 2.81873333e-01 2.83713333e-01 2.85286667e-01 2.87033333e-01
 2.88646667e-01 2.90326667e-01 2.91960000e-01 2.93600000e-01
 2.93606667e-01 2.95380000e-01 2.97040000e-01 2.99160000e-01
 3.00926667e-01 3.02766667e-01 3.04680000e-01 3.06353333e-01
 3.08240000e-01 3.10013333e-01 3.11733333e-01 3.13533333e-01
 3.15426667e-01 3.17113333e-01 3.18986667e-01 3.20700000e-01
 3.20713333e-01 3.22520000e-01 3.24226667e-01 3.26186667e-01
 3.28060000e-01 3.29940000e-01 3.31740000e-01 3.33600000e-01
 3.35533333e-01 3.37460000e-01 3.39320000e-01 3.41193333e-01
 3.43173333e-01 3.44900000e-01 3.46960000e-01 3.48793333e-01
 3.50566667e-01 3.52353333e-01 3.54233333e-01 3.56180000e-01
 3.58046667e-01 3.58046667e-01 3.59986667e-01 3.61886667e-01
 3.63633333e-01 3.65640000e-01 3.67526667e-01 3.69386667e-01
 3.71406667e-01 3.73306667e-01 3.75253333e-01 3.76966667e-01
 3.78920000e-01 3.80906667e-01 3.82940000e-01 3.84820000e-01
 3.86673333e-01 3.88720000e-01 3.90620000e-01 3.92580000e-01
 3.94506667e-01 3.96393333e-01 3.98153333e-01 4.00146667e-01
 4.02140000e-01 4.03986667e-01 4.05753333e-01 4.07986667e-01
 4.10073333e-01 4.11953333e-01 4.13860000e-01 4.15880000e-01
 4.17986667e-01 4.19973333e-01 4.22033333e-01 4.24053333e-01
 4.26126667e-01 4.27953333e-01 4.29966667e-01 4.31866667e-01
 4.34013333e-01 4.36180000e-01 4.38126667e-01 4.39993333e-01
 4.41953333e-01 4.44033333e-01 4.46133333e-01 4.48226667e-01
 4.50493333e-01 4.52520000e-01 4.54673333e-01 4.56760000e-01
 4.58766667e-01 4.60973333e-01 4.63020000e-01 4.65100000e-01
 4.67113333e-01 4.69200000e-01 4.71213333e-01 4.73226667e-01
 4.73226667e-01 4.75386667e-01 4.77340000e-01 4.79420000e-01
 4.81466667e-01 4.83340000e-01 4.85473333e-01 4.87480000e-01
 4.89660000e-01 4.91706667e-01 4.93780000e-01 4.93786667e-01
 4.95826667e-01 4.97993333e-01 5.00100000e-01 5.02086667e-01
 5.04040000e-01 5.06333333e-01 5.08360000e-01 5.10573333e-01
 5.12740000e-01 5.14800000e-01 5.16893333e-01 5.18920000e-01
 5.21166667e-01 5.23373333e-01 5.25600000e-01 5.27893333e-01
 5.30053333e-01 5.32053333e-01 5.34106667e-01 5.36426667e-01
 5.38793333e-01 5.40833333e-01 5.43220000e-01 5.45333333e-01
 5.47640000e-01 5.49840000e-01 5.52173333e-01 5.54553333e-01
 5.56753333e-01 5.59020000e-01 5.61293333e-01 5.63320000e-01
 5.65466667e-01 5.67713333e-01 5.69880000e-01 5.72106667e-01
 5.74253333e-01 5.76460000e-01 5.76466667e-01 5.78620000e-01
 5.80800000e-01 5.83013333e-01 5.85080000e-01 5.87126667e-01
 5.89286667e-01 5.91546667e-01 5.93733333e-01 5.95820000e-01
 5.98073333e-01 6.00106667e-01 6.02266667e-01 6.04540000e-01
 6.06933333e-01 6.09100000e-01 6.11266667e-01 6.13733333e-01
 6.15846667e-01 6.18086667e-01 6.20360000e-01 6.22806667e-01
 6.25040000e-01 6.27260000e-01 6.29640000e-01 6.32000000e-01
 6.34600000e-01 6.34606667e-01 6.36820000e-01 6.36826667e-01
 6.39173333e-01 6.41600000e-01 6.43886667e-01 6.46226667e-01
 6.48173333e-01 6.50460000e-01 6.52746667e-01 6.55173333e-01
 6.57433333e-01 6.59906667e-01 6.62220000e-01 6.64706667e-01
 6.66886667e-01 6.69213333e-01 6.71746667e-01 6.74273333e-01
 6.76653333e-01 6.79306667e-01 6.81780000e-01 6.84346667e-01
 6.86653333e-01 6.89053333e-01 6.91506667e-01 6.94033333e-01
 6.96520000e-01 6.98973333e-01 7.01453333e-01 7.04013333e-01
 7.06713333e-01 7.09333333e-01 7.12120000e-01 7.14760000e-01
 7.17373333e-01 7.20106667e-01 7.20113333e-01 7.22973333e-01
 7.25686667e-01 7.28453333e-01 7.31420000e-01 7.34433333e-01
 7.37420000e-01 7.40340000e-01 7.43273333e-01 7.46380000e-01
 7.49553333e-01 7.52680000e-01 7.55960000e-01 7.59000000e-01
 7.62033333e-01 7.65233333e-01 7.68746667e-01 7.68753333e-01
 7.68753333e-01 7.72073333e-01 7.75466667e-01 7.78786667e-01
 7.82493333e-01 7.86213333e-01 7.90113333e-01 7.93960000e-01
 7.93966667e-01 7.97686667e-01 8.02060000e-01 8.06000000e-01
 8.10153333e-01 8.14426667e-01 8.18953333e-01 8.23846667e-01
 8.28873333e-01 8.33753333e-01 8.38720000e-01 8.44000000e-01
 8.49666667e-01 8.55420000e-01 8.61546667e-01 8.67753333e-01
 8.74206667e-01 8.81920000e-01 8.89466667e-01 8.97233333e-01
 9.05906667e-01 9.15340000e-01 9.25760000e-01 9.37666667e-01
 9.51286667e-01 9.68233333e-01 1.00000000e+00],[0.         0.04845333 0.06246    0.07242    0.08107333 0.08914
 0.09602    0.10357333 0.11039333 0.11649333 0.12288    0.12875333
 0.13422667 0.13422667 0.13981333 0.14521333 0.15023333 0.15548667
 0.16036667 0.16503333 0.16939333 0.17382667 0.17814667 0.1825
 0.18250667 0.18684    0.19097333 0.19498667 0.19919333 0.20255333
 0.20588667 0.20589333 0.20954    0.21296667 0.21642667 0.21974
 0.22335333 0.22691333 0.23044    0.23368667 0.23672    0.23988667
 0.24328667 0.24329333 0.24627333 0.24936    0.25226667 0.25227333
 0.25540667 0.25832667 0.26121333 0.26428    0.26714    0.27012
 0.27307333 0.27593333 0.27888667 0.28166667 0.28450667 0.28725333
 0.29006667 0.29266667 0.29556667 0.29822667 0.30108667 0.30366
 0.30618667 0.30884667 0.31120667 0.31385333 0.31675333 0.31924667
 0.32156    0.32399333 0.32658    0.32904667 0.33154    0.33416667
 0.33659333 0.33904    0.34156667 0.34382667 0.34618    0.34851333
 0.35111333 0.3536     0.35592    0.35824667 0.36066    0.36261333
 0.36486667 0.36709333 0.36935333 0.36936    0.3716     0.37380667
 0.37596    0.37824667 0.38059333 0.38295333 0.38538    0.38770667
 0.38984667 0.39220667 0.39448667 0.39672667 0.39894    0.40116667
 0.40334667 0.40555333 0.40556    0.40765333 0.40994    0.41210667
 0.41438    0.41664667 0.41888    0.42124667 0.42356    0.42573333
 0.42573333 0.42810667 0.43045333 0.43045333 0.43279333 0.43498
 0.43726    0.43945333 0.44159333 0.44369333 0.44589333 0.44794667
 0.45006667 0.45225333 0.45464    0.45686    0.45908    0.45908
 0.46140667 0.46378    0.46622    0.46840667 0.47069333 0.47290667
 0.47492    0.47701333 0.47898    0.4814     0.48353333 0.48574
 0.48788    0.49018    0.49226667 0.49451333 0.49664667 0.49878
 0.50118    0.50322667 0.50521333 0.50522    0.50756    0.50972667
 0.51183333 0.51386667 0.51584    0.51805333 0.52024667 0.52232
 0.52472667 0.52473333 0.52676667 0.52898667 0.531      0.53321333
 0.53522    0.53722    0.53921333 0.54147333 0.54362    0.54580667
 0.54794    0.54986667 0.55196    0.55415333 0.55416    0.55629333
 0.55840667 0.56052    0.56242    0.56438667 0.56650667 0.56866667
 0.57062    0.57274    0.57474667 0.57649333 0.57868    0.58065333
 0.58268    0.58473333 0.58474    0.58692667 0.58898667 0.59112667
 0.59314667 0.59514    0.59705333 0.59888    0.60084667 0.60085333
 0.60271333 0.60468    0.60654    0.60845333 0.61033333 0.61034
 0.61212    0.61408    0.61621333 0.61817333 0.62014667 0.62199333
 0.62394    0.62598    0.62772    0.6296     0.63166    0.6335
 0.63561333 0.63763333 0.63940667 0.64118    0.64298    0.64482667
 0.64684667 0.64900667 0.65084667 0.65296667 0.65482667 0.65679333
 0.65880667 0.66053333 0.66237333 0.66433333 0.66635333 0.66831333
 0.67006667 0.67188667 0.67379333 0.67559333 0.67744    0.67916667
 0.68101333 0.68276667 0.68452    0.68452    0.68666667 0.6884
 0.6901     0.69198667 0.69199333 0.69386667 0.69558    0.69753333
 0.6993     0.69930667 0.70106667 0.70277333 0.70451333 0.70636
 0.708      0.70985333 0.71149333 0.7132     0.71320667 0.71500667
 0.71676    0.71676667 0.71849333 0.72027333 0.72199333 0.72388
 0.72572667 0.72744    0.72916    0.73094    0.73255333 0.73413333
 0.73584667 0.73758667 0.73926    0.74096    0.74252    0.74416
 0.74565333 0.74715333 0.74877333 0.7506     0.75217333 0.75398667
 0.75558667 0.75718    0.75882    0.75882    0.76040667 0.76209333
 0.76377333 0.76523333 0.76677333 0.76856667 0.77018    0.77174
 0.77315333 0.77498667 0.77652667 0.77803333 0.77958667 0.78132667
 0.7828     0.78420667 0.78558    0.78707333 0.78844667 0.78970667
 0.79127333 0.79262    0.79398667 0.79543333 0.79543333 0.79691333
 0.79823333 0.79971333 0.80126667 0.80245333 0.80414    0.80549333
 0.80672    0.80672667 0.80838    0.80969333 0.8097     0.81114667
 0.81251333 0.81392667 0.81534    0.81668    0.81798667 0.81926667
 0.82065333 0.82197333 0.82336667 0.82478    0.82478    0.82611333
 0.82748667 0.82894    0.83044    0.83168667 0.83302667 0.83426
 0.83559333 0.83704    0.83846    0.83988667 0.84102    0.84220667
 0.84360667 0.84473333 0.84473333 0.84599333 0.84719333 0.84844
 0.84963333 0.85094667 0.85214667 0.85343333 0.85459333 0.85575333
 0.85692    0.85819333 0.85931333 0.86048667 0.86167333 0.86283333
 0.86399333 0.86514667 0.86643333 0.86770667 0.86885333 0.86886
 0.87022    0.87133333 0.87256667 0.87378667 0.87492    0.87602667
 0.87714    0.87816667 0.87938    0.88063333 0.88169333 0.88284
 0.88399333 0.88508    0.88616    0.88724667 0.8883     0.88934667
 0.89034667 0.89138    0.89258667 0.89349333 0.89445333 0.89562
 0.89680667 0.89781333 0.89882    0.89986667 0.90094667 0.90187333
 0.90278    0.90384    0.90486    0.90575333 0.90678667 0.90766667
 0.90857333 0.90956    0.91066    0.91165333 0.91260667 0.91348667
 0.91434667 0.91522    0.91610667 0.91694667 0.91789333 0.91876
 0.91976667 0.92065333 0.92153333 0.92236    0.92315333 0.92400667
 0.92493333 0.92586667 0.92668667 0.92754    0.92754667 0.92836
 0.92923333 0.93012    0.93076667 0.93154    0.93235333 0.93307333
 0.93383333 0.93463333 0.93548    0.93548    0.93626667 0.93708667
 0.93786    0.93880667 0.93962667 0.94040667 0.94108667 0.94187333
 0.9426     0.94333333 0.94418667 0.94490667 0.94563333 0.94630667
 0.94712667 0.94779333 0.94842    0.94916    0.94982    0.95059333
 0.9513     0.95188667 0.95262    0.95326    0.95398667 0.95456
 0.95522667 0.95581333 0.95642667 0.95711333 0.95776    0.95844
 0.95906667 0.95972    0.96040667 0.961      0.96153333 0.96206
 0.96206    0.96261333 0.96324667 0.96384667 0.96440667 0.96486
 0.96552    0.96600667 0.96664    0.96722    0.96766667 0.96814
 0.96876667 0.96936    0.96992    0.97062    0.97118    0.97166
 0.97224    0.97271333 0.97319333 0.97366667 0.97418    0.97460667
 0.97502    0.97557333 0.97599333 0.97599333 0.97652667 0.97652667
 0.97709333 0.97766667 0.97814667 0.97864    0.97902667 0.97952
 0.97988    0.98029333 0.98074    0.98110667 0.98160667 0.98197333
 0.98244667 0.98292    0.98335333 0.98373333 0.98411333 0.98448667
 0.98489333 0.98528667 0.98563333 0.98604    0.98637333 0.9867
 0.98716    0.98744667 0.98788    0.9882     0.98858    0.98888667
 0.98924    0.98956667 0.98984    0.99014    0.99014    0.99044
 0.99074667 0.99108667 0.99138667 0.99164    0.99192    0.99218667
 0.99249333 0.99272    0.99300667 0.99325333 0.99346    0.99373333
 0.99404    0.99429333 0.99456    0.99456    0.99456667 0.99485333
 0.99506    0.99532    0.99566    0.99592    0.99614    0.99638
 0.99638    0.99666    0.99684667 0.99705333 0.99719333 0.99730667
 0.99743333 0.99764    0.99786    0.99806667 0.99824667 0.99844667
 0.99857333 0.99874    0.99887333 0.99903333 0.99915333 0.99931333
 0.99942667 0.99953333 0.99959333 0.99969333 0.99976667 0.99985333
 0.99988667 0.99996    1.        ],[2.00000000e+00 1.00000000e+00 9.98263889e-01 9.96527778e-01
 9.94791667e-01 9.93055556e-01 9.91319444e-01 9.89583333e-01
 9.87847222e-01 9.86111111e-01 9.84375000e-01 9.82638889e-01
 9.80902778e-01 9.80468750e-01 9.79166667e-01 9.77430556e-01
 9.75694444e-01 9.73958333e-01 9.72222222e-01 9.70486111e-01
 9.68750000e-01 9.67013889e-01 9.65277778e-01 9.63541667e-01
 9.63107639e-01 9.61805556e-01 9.60069444e-01 9.58333333e-01
 9.56597222e-01 9.54861111e-01 9.53125000e-01 9.52690972e-01
 9.51388889e-01 9.49652778e-01 9.47916667e-01 9.46180556e-01
 9.44444444e-01 9.42708333e-01 9.40972222e-01 9.39236111e-01
 9.37500000e-01 9.35763889e-01 9.34027778e-01 9.32378472e-01
 9.32291667e-01 9.30555556e-01 9.28819444e-01 9.28385417e-01
 9.27083333e-01 9.25347222e-01 9.23611111e-01 9.21875000e-01
 9.20138889e-01 9.18402778e-01 9.16666667e-01 9.14930556e-01
 9.13194444e-01 9.11458333e-01 9.09722222e-01 9.07986111e-01
 9.06250000e-01 9.04513889e-01 9.02777778e-01 9.01041667e-01
 8.99305556e-01 8.97569444e-01 8.95833333e-01 8.94097222e-01
 8.92361111e-01 8.90625000e-01 8.88888889e-01 8.87152778e-01
 8.85416667e-01 8.83680556e-01 8.81944444e-01 8.80208333e-01
 8.78472222e-01 8.76736111e-01 8.75000000e-01 8.73263889e-01
 8.71527778e-01 8.69791667e-01 8.68055556e-01 8.66319444e-01
 8.64583333e-01 8.62847222e-01 8.61111111e-01 8.59375000e-01
 8.57638889e-01 8.55902778e-01 8.54166667e-01 8.52430556e-01
 8.50694444e-01 8.50048225e-01 8.48958333e-01 8.47222222e-01
 8.45486111e-01 8.43750000e-01 8.42013889e-01 8.40277778e-01
 8.38541667e-01 8.36805556e-01 8.35069444e-01 8.33333333e-01
 8.31597222e-01 8.29861111e-01 8.28125000e-01 8.26388889e-01
 8.24652778e-01 8.22916667e-01 8.21614583e-01 8.21180556e-01
 8.19444444e-01 8.17708333e-01 8.15972222e-01 8.14236111e-01
 8.12500000e-01 8.10763889e-01 8.09027778e-01 8.07291667e-01
 8.07002315e-01 8.05555556e-01 8.03819444e-01 8.03385417e-01
 8.02083333e-01 8.00347222e-01 7.98611111e-01 7.96875000e-01
 7.95138889e-01 7.93402778e-01 7.91666667e-01 7.89930556e-01
 7.88194444e-01 7.86458333e-01 7.84722222e-01 7.82986111e-01
 7.81250000e-01 7.80671296e-01 7.79513889e-01 7.77777778e-01
 7.76041667e-01 7.74305556e-01 7.72569444e-01 7.70833333e-01
 7.69097222e-01 7.67361111e-01 7.65625000e-01 7.63888889e-01
 7.62152778e-01 7.60416667e-01 7.58680556e-01 7.56944444e-01
 7.55208333e-01 7.53472222e-01 7.51736111e-01 7.50000000e-01
 7.48263889e-01 7.46527778e-01 7.44791667e-01 7.43923611e-01
 7.43055556e-01 7.41319444e-01 7.39583333e-01 7.37847222e-01
 7.36111111e-01 7.34375000e-01 7.32638889e-01 7.30902778e-01
 7.29166667e-01 7.27856316e-01 7.27430556e-01 7.25694444e-01
 7.23958333e-01 7.22222222e-01 7.20486111e-01 7.18750000e-01
 7.17013889e-01 7.15277778e-01 7.13541667e-01 7.11805556e-01
 7.10069444e-01 7.08333333e-01 7.06597222e-01 7.04861111e-01
 7.04303075e-01 7.03125000e-01 7.01388889e-01 6.99652778e-01
 6.97916667e-01 6.96180556e-01 6.94444444e-01 6.92708333e-01
 6.90972222e-01 6.89236111e-01 6.87500000e-01 6.85763889e-01
 6.84027778e-01 6.82291667e-01 6.80555556e-01 6.78819444e-01
 6.77889385e-01 6.77083333e-01 6.75347222e-01 6.73611111e-01
 6.71875000e-01 6.70138889e-01 6.68402778e-01 6.66666667e-01
 6.64930556e-01 6.64351852e-01 6.63194444e-01 6.61458333e-01
 6.59722222e-01 6.57986111e-01 6.56250000e-01 6.55505952e-01
 6.54513889e-01 6.52777778e-01 6.51041667e-01 6.49305556e-01
 6.47569444e-01 6.45833333e-01 6.44097222e-01 6.42361111e-01
 6.40625000e-01 6.38888889e-01 6.37152778e-01 6.35416667e-01
 6.33680556e-01 6.31944444e-01 6.30208333e-01 6.28472222e-01
 6.26736111e-01 6.25000000e-01 6.23263889e-01 6.21527778e-01
 6.19791667e-01 6.18055556e-01 6.16319444e-01 6.14583333e-01
 6.12847222e-01 6.11111111e-01 6.09375000e-01 6.07638889e-01
 6.05902778e-01 6.04166667e-01 6.02430556e-01 6.00694444e-01
 5.98958333e-01 5.97222222e-01 5.95486111e-01 5.93750000e-01
 5.92013889e-01 5.90277778e-01 5.88541667e-01 5.88049769e-01
 5.86805556e-01 5.85069444e-01 5.83333333e-01 5.81597222e-01
 5.80576224e-01 5.79861111e-01 5.78125000e-01 5.76388889e-01
 5.74652778e-01 5.74363426e-01 5.72916667e-01 5.71180556e-01
 5.69444444e-01 5.67708333e-01 5.65972222e-01 5.64236111e-01
 5.62500000e-01 5.60763889e-01 5.59395668e-01 5.59027778e-01
 5.57291667e-01 5.55989583e-01 5.55555556e-01 5.53819444e-01
 5.52083333e-01 5.50347222e-01 5.48611111e-01 5.46875000e-01
 5.45138889e-01 5.43402778e-01 5.41666667e-01 5.39930556e-01
 5.38194444e-01 5.36458333e-01 5.34722222e-01 5.32986111e-01
 5.31250000e-01 5.29513889e-01 5.27777778e-01 5.26041667e-01
 5.24305556e-01 5.22569444e-01 5.20833333e-01 5.19097222e-01
 5.17361111e-01 5.15625000e-01 5.13888889e-01 5.12731481e-01
 5.12152778e-01 5.10416667e-01 5.08680556e-01 5.06944444e-01
 5.05208333e-01 5.03472222e-01 5.01736111e-01 5.00000000e-01
 4.98263889e-01 4.96527778e-01 4.94791667e-01 4.93055556e-01
 4.91319444e-01 4.89583333e-01 4.87847222e-01 4.86111111e-01
 4.84375000e-01 4.82638889e-01 4.80902778e-01 4.79166667e-01
 4.77430556e-01 4.75694444e-01 4.73958333e-01 4.72222222e-01
 4.72069279e-01 4.70486111e-01 4.68750000e-01 4.67013889e-01
 4.65277778e-01 4.63541667e-01 4.61805556e-01 4.60069444e-01
 4.58333333e-01 4.57428075e-01 4.56597222e-01 4.54861111e-01
 4.53703704e-01 4.53125000e-01 4.51388889e-01 4.49652778e-01
 4.47916667e-01 4.46180556e-01 4.44444444e-01 4.42708333e-01
 4.40972222e-01 4.39236111e-01 4.37500000e-01 4.35763889e-01
 4.35205853e-01 4.34027778e-01 4.32291667e-01 4.30555556e-01
 4.28819444e-01 4.27083333e-01 4.25347222e-01 4.23611111e-01
 4.21875000e-01 4.20138889e-01 4.18402778e-01 4.16666667e-01
 4.14930556e-01 4.13194444e-01 4.11458333e-01 4.09722222e-01
 4.08643353e-01 4.07986111e-01 4.06250000e-01 4.04513889e-01
 4.02777778e-01 4.01041667e-01 3.99305556e-01 3.97569444e-01
 3.95833333e-01 3.94097222e-01 3.92361111e-01 3.90625000e-01
 3.88888889e-01 3.87152778e-01 3.85416667e-01 3.83680556e-01
 3.81944444e-01 3.80208333e-01 3.78472222e-01 3.76736111e-01
 3.75000000e-01 3.74255952e-01 3.73263889e-01 3.71527778e-01
 3.69791667e-01 3.68055556e-01 3.66319444e-01 3.64583333e-01
 3.62847222e-01 3.61111111e-01 3.59375000e-01 3.57638889e-01
 3.55902778e-01 3.54166667e-01 3.52430556e-01 3.50694444e-01
 3.48958333e-01 3.47222222e-01 3.45486111e-01 3.43750000e-01
 3.42013889e-01 3.40277778e-01 3.38541667e-01 3.36805556e-01
 3.35069444e-01 3.33333333e-01 3.31597222e-01 3.29861111e-01
 3.28125000e-01 3.26388889e-01 3.24652778e-01 3.22916667e-01
 3.21180556e-01 3.19444444e-01 3.17708333e-01 3.15972222e-01
 3.14236111e-01 3.12500000e-01 3.10763889e-01 3.09027778e-01
 3.07291667e-01 3.05555556e-01 3.03819444e-01 3.02083333e-01
 3.00347222e-01 2.98611111e-01 2.96875000e-01 2.95138889e-01
 2.93402778e-01 2.91666667e-01 2.89930556e-01 2.88194444e-01
 2.86458333e-01 2.84722222e-01 2.82986111e-01 2.81250000e-01
 2.79513889e-01 2.77777778e-01 2.76041667e-01 2.74305556e-01
 2.73437500e-01 2.72569444e-01 2.70833333e-01 2.69097222e-01
 2.67361111e-01 2.65625000e-01 2.63888889e-01 2.62152778e-01
 2.60416667e-01 2.58680556e-01 2.56944444e-01 2.56539352e-01
 2.55208333e-01 2.53472222e-01 2.51736111e-01 2.50000000e-01
 2.48263889e-01 2.46527778e-01 2.44791667e-01 2.43055556e-01
 2.41319444e-01 2.39583333e-01 2.37847222e-01 2.36111111e-01
 2.34375000e-01 2.32638889e-01 2.30902778e-01 2.29166667e-01
 2.27430556e-01 2.25694444e-01 2.23958333e-01 2.22222222e-01
 2.20486111e-01 2.18750000e-01 2.17013889e-01 2.15277778e-01
 2.13541667e-01 2.11805556e-01 2.10069444e-01 2.08333333e-01
 2.06597222e-01 2.04861111e-01 2.03125000e-01 2.01388889e-01
 1.99652778e-01 1.97916667e-01 1.96180556e-01 1.94444444e-01
 1.92708333e-01 1.90972222e-01 1.89930556e-01 1.89236111e-01
 1.87500000e-01 1.85763889e-01 1.84027778e-01 1.82291667e-01
 1.80555556e-01 1.78819444e-01 1.77083333e-01 1.75347222e-01
 1.73611111e-01 1.71875000e-01 1.70138889e-01 1.68402778e-01
 1.66666667e-01 1.64930556e-01 1.63194444e-01 1.61458333e-01
 1.59722222e-01 1.57986111e-01 1.56250000e-01 1.54513889e-01
 1.52777778e-01 1.51041667e-01 1.49305556e-01 1.47569444e-01
 1.45833333e-01 1.44241898e-01 1.44097222e-01 1.43489583e-01
 1.42361111e-01 1.40625000e-01 1.38888889e-01 1.37152778e-01
 1.35416667e-01 1.33680556e-01 1.31944444e-01 1.30208333e-01
 1.28472222e-01 1.26736111e-01 1.25000000e-01 1.23263889e-01
 1.21527778e-01 1.19791667e-01 1.18055556e-01 1.16319444e-01
 1.14583333e-01 1.12847222e-01 1.11111111e-01 1.09375000e-01
 1.07638889e-01 1.05902778e-01 1.04166667e-01 1.02430556e-01
 1.00694444e-01 9.89583333e-02 9.72222222e-02 9.54861111e-02
 9.37500000e-02 9.20138889e-02 9.02777778e-02 8.85416667e-02
 8.68055556e-02 8.50694444e-02 8.49537037e-02 8.33333333e-02
 8.15972222e-02 7.98611111e-02 7.81250000e-02 7.63888889e-02
 7.46527778e-02 7.29166667e-02 7.11805556e-02 6.94444444e-02
 6.77083333e-02 6.59722222e-02 6.42361111e-02 6.25000000e-02
 6.07638889e-02 5.90277778e-02 5.72916667e-02 5.68576389e-02
 5.67129630e-02 5.55555556e-02 5.38194444e-02 5.20833333e-02
 5.03472222e-02 4.86111111e-02 4.68750000e-02 4.51388889e-02
 4.47048611e-02 4.34027778e-02 4.16666667e-02 3.99305556e-02
 3.81944444e-02 3.64583333e-02 3.47222222e-02 3.29861111e-02
 3.12500000e-02 2.95138889e-02 2.77777778e-02 2.60416667e-02
 2.43055556e-02 2.25694444e-02 2.08333333e-02 1.90972222e-02
 1.73611111e-02 1.56250000e-02 1.38888889e-02 1.21527778e-02
 1.04166667e-02 8.68055556e-03 6.94444444e-03 5.20833333e-03
 3.47222222e-03 1.73611111e-03 0.00000000e+00]
784,[0.00000000e+00 1.13333333e-04 1.93333333e-04 3.06666667e-04
 3.93333333e-04 4.66666667e-04 5.86666667e-04 6.66666667e-04
 7.86666667e-04 8.73333333e-04 1.00666667e-03 1.12000000e-03
 1.21333333e-03 1.34000000e-03 1.34666667e-03 1.41333333e-03
 1.52666667e-03 1.64666667e-03 1.78000000e-03 1.89333333e-03
 1.98666667e-03 2.08666667e-03 2.15333333e-03 2.28666667e-03
 2.40000000e-03 2.47333333e-03 2.59333333e-03 2.72666667e-03
 2.72666667e-03 2.88666667e-03 2.97333333e-03 3.04000000e-03
 3.18000000e-03 3.30000000e-03 3.42666667e-03 3.57333333e-03
 3.73333333e-03 3.73333333e-03 3.91333333e-03 4.04666667e-03
 4.16666667e-03 4.34666667e-03 4.47333333e-03 4.62666667e-03
 4.71333333e-03 4.82000000e-03 4.97333333e-03 5.11333333e-03
 5.28666667e-03 5.44000000e-03 5.61333333e-03 5.73333333e-03
 5.92000000e-03 6.06666667e-03 6.19333333e-03 6.39333333e-03
 6.39333333e-03 6.58000000e-03 6.75333333e-03 6.75333333e-03
 6.92666667e-03 7.13333333e-03 7.32000000e-03 7.47333333e-03
 7.64666667e-03 7.82000000e-03 8.04666667e-03 8.17333333e-03
 8.40000000e-03 8.59333333e-03 8.78000000e-03 8.91333333e-03
 9.18666667e-03 9.41333333e-03 9.61333333e-03 9.88000000e-03
 1.01066667e-02 1.03466667e-02 1.05533333e-02 1.07400000e-02
 1.09466667e-02 1.11933333e-02 1.14600000e-02 1.16400000e-02
 1.18600000e-02 1.21000000e-02 1.23200000e-02 1.25933333e-02
 1.28266667e-02 1.30466667e-02 1.33133333e-02 1.36000000e-02
 1.39000000e-02 1.41733333e-02 1.44466667e-02 1.46866667e-02
 1.49666667e-02 1.51800000e-02 1.54200000e-02 1.57066667e-02
 1.59200000e-02 1.62133333e-02 1.64600000e-02 1.67933333e-02
 1.70533333e-02 1.73466667e-02 1.76133333e-02 1.78533333e-02
 1.81333333e-02 1.84200000e-02 1.86800000e-02 1.89333333e-02
 1.92133333e-02 1.95133333e-02 1.97066667e-02 1.99400000e-02
 2.02200000e-02 2.04933333e-02 2.08000000e-02 2.11400000e-02
 2.15066667e-02 2.19066667e-02 2.22200000e-02 2.25133333e-02
 2.28800000e-02 2.31733333e-02 2.35066667e-02 2.38333333e-02
 2.41333333e-02 2.45266667e-02 2.49066667e-02 2.49066667e-02
 2.52266667e-02 2.54933333e-02 2.58800000e-02 2.62866667e-02
 2.66400000e-02 2.70533333e-02 2.74400000e-02 2.78133333e-02
 2.82200000e-02 2.85333333e-02 2.88400000e-02 2.92666667e-02
 2.97266667e-02 3.01666667e-02 3.04866667e-02 3.08600000e-02
 3.12333333e-02 3.12333333e-02 3.16266667e-02 3.16333333e-02
 3.20200000e-02 3.24466667e-02 3.27800000e-02 3.32200000e-02
 3.36466667e-02 3.39866667e-02 3.44133333e-02 3.48200000e-02
 3.52266667e-02 3.56533333e-02 3.60400000e-02 3.64133333e-02
 3.68000000e-02 3.72866667e-02 3.77333333e-02 3.82466667e-02
 3.86866667e-02 3.92133333e-02 3.96600000e-02 4.01266667e-02
 4.01333333e-02 4.06533333e-02 4.11066667e-02 4.15933333e-02
 4.20733333e-02 4.24200000e-02 4.28866667e-02 4.35400000e-02
 4.41133333e-02 4.45733333e-02 4.50333333e-02 4.54400000e-02
 4.59666667e-02 4.59733333e-02 4.64533333e-02 4.70000000e-02
 4.75533333e-02 4.80133333e-02 4.84666667e-02 4.89533333e-02
 4.95266667e-02 5.00333333e-02 5.06066667e-02 5.11600000e-02
 5.17000000e-02 5.22066667e-02 5.26466667e-02 5.32533333e-02
 5.38866667e-02 5.45200000e-02 5.49800000e-02 5.54266667e-02
 5.60933333e-02 5.68200000e-02 5.73933333e-02 5.79600000e-02
 5.85933333e-02 5.91333333e-02 5.96800000e-02 6.01866667e-02
 6.09000000e-02 6.14733333e-02 6.20666667e-02 6.26666667e-02
 6.32466667e-02 6.38866667e-02 6.44200000e-02 6.50000000e-02
 6.57666667e-02 6.63266667e-02 6.70733333e-02 6.76866667e-02
 6.84000000e-02 6.89066667e-02 6.89066667e-02 6.94800000e-02
 7.01533333e-02 7.09333333e-02 7.16733333e-02 7.23333333e-02
 7.29733333e-02 7.35933333e-02 7.43000000e-02 7.49466667e-02
 7.55866667e-02 7.62666667e-02 7.69800000e-02 7.77000000e-02
 7.82733333e-02 7.89333333e-02 7.97800000e-02 7.97800000e-02
 8.04133333e-02 8.11000000e-02 8.17533333e-02 8.24266667e-02
 8.30866667e-02 8.36800000e-02 8.43333333e-02 8.49533333e-02
 8.57866667e-02 8.65600000e-02 8.72600000e-02 8.78800000e-02
 8.86866667e-02 8.94533333e-02 9.02266667e-02 9.08933333e-02
 9.08933333e-02 9.17000000e-02 9.25066667e-02 9.33266667e-02
 9.41000000e-02 9.48600000e-02 9.57133333e-02 9.63600000e-02
 9.71533333e-02 9.78933333e-02 9.86733333e-02 9.94933333e-02
 1.00286667e-01 1.01020000e-01 1.01866667e-01 1.02700000e-01
 1.03526667e-01 1.04373333e-01 1.05346667e-01 1.05346667e-01
 1.05993333e-01 1.06833333e-01 1.07726667e-01 1.08480000e-01
 1.09253333e-01 1.10113333e-01 1.10913333e-01 1.11806667e-01
 1.11806667e-01 1.12693333e-01 1.13560000e-01 1.14373333e-01
 1.15140000e-01 1.16006667e-01 1.16920000e-01 1.17813333e-01
 1.18693333e-01 1.19580000e-01 1.20546667e-01 1.21333333e-01
 1.22233333e-01 1.23200000e-01 1.24033333e-01 1.24926667e-01
 1.25920000e-01 1.26860000e-01 1.27600000e-01 1.28460000e-01
 1.29306667e-01 1.30160000e-01 1.30986667e-01 1.31813333e-01
 1.32640000e-01 1.33420000e-01 1.34353333e-01 1.35253333e-01
 1.36180000e-01 1.37153333e-01 1.37966667e-01 1.38813333e-01
 1.39713333e-01 1.40660000e-01 1.41526667e-01 1.42520000e-01
 1.43506667e-01 1.43506667e-01 1.44420000e-01 1.45233333e-01
 1.46140000e-01 1.47040000e-01 1.48026667e-01 1.48973333e-01
 1.49786667e-01 1.50826667e-01 1.51846667e-01 1.52800000e-01
 1.53666667e-01 1.54706667e-01 1.55526667e-01 1.56653333e-01
 1.57600000e-01 1.57600000e-01 1.58500000e-01 1.59466667e-01
 1.59466667e-01 1.60560000e-01 1.60573333e-01 1.61633333e-01
 1.61633333e-01 1.62566667e-01 1.63580000e-01 1.64480000e-01
 1.65393333e-01 1.66433333e-01 1.67320000e-01 1.68246667e-01
 1.69226667e-01 1.69226667e-01 1.70220000e-01 1.71260000e-01
 1.72246667e-01 1.73160000e-01 1.74053333e-01 1.75093333e-01
 1.76020000e-01 1.76020000e-01 1.76886667e-01 1.77920000e-01
 1.79053333e-01 1.80186667e-01 1.81233333e-01 1.82266667e-01
 1.83366667e-01 1.84620000e-01 1.85660000e-01 1.86640000e-01
 1.87773333e-01 1.88826667e-01 1.89740000e-01 1.90860000e-01
 1.90860000e-01 1.91866667e-01 1.93020000e-01 1.94060000e-01
 1.95266667e-01 1.96366667e-01 1.97440000e-01 1.98540000e-01
 1.99513333e-01 2.00680000e-01 2.01786667e-01 2.02860000e-01
 2.04046667e-01 2.05226667e-01 2.06246667e-01 2.07480000e-01
 2.08560000e-01 2.09686667e-01 2.10880000e-01 2.12000000e-01
 2.12006667e-01 2.13253333e-01 2.14466667e-01 2.15500000e-01
 2.16646667e-01 2.17740000e-01 2.18840000e-01 2.19893333e-01
 2.21020000e-01 2.22260000e-01 2.23360000e-01 2.24500000e-01
 2.25726667e-01 2.26973333e-01 2.28160000e-01 2.29480000e-01
 2.30560000e-01 2.31746667e-01 2.32966667e-01 2.34213333e-01
 2.35600000e-01 2.36840000e-01 2.38060000e-01 2.39233333e-01
 2.40326667e-01 2.41520000e-01 2.42580000e-01 2.43733333e-01
 2.44866667e-01 2.46080000e-01 2.47300000e-01 2.48600000e-01
 2.49800000e-01 2.50953333e-01 2.52126667e-01 2.53313333e-01
 2.54593333e-01 2.55766667e-01 2.57006667e-01 2.58193333e-01
 2.59413333e-01 2.60873333e-01 2.62280000e-01 2.63513333e-01
 2.64553333e-01 2.64560000e-01 2.65753333e-01 2.66946667e-01
 2.68166667e-01 2.69380000e-01 2.70526667e-01 2.70526667e-01
 2.71713333e-01 2.72980000e-01 2.74273333e-01 2.75466667e-01
 2.76820000e-01 2.78200000e-01 2.79346667e-01 2.80540000e-01
 2.81853333e-01 2.81860000e-01 2.83140000e-01 2.84393333e-01
 2.85573333e-01 2.86706667e-01 2.86713333e-01 2.87966667e-01
 2.89386667e-01 2.90840000e-01 2.92286667e-01 2.93453333e-01
 2.94486667e-01 2.95766667e-01 2.97020000e-01 2.98253333e-01
 2.99493333e-01 3.00900000e-01 3.02133333e-01 3.03400000e-01
 3.04653333e-01 3.06060000e-01 3.07246667e-01 3.08600000e-01
 3.09786667e-01 3.11166667e-01 3.12526667e-01 3.14006667e-01
 3.15360000e-01 3.16606667e-01 3.17860000e-01 3.19073333e-01
 3.20460000e-01 3.21620000e-01 3.23100000e-01 3.24400000e-01
 3.25866667e-01 3.25873333e-01 3.27306667e-01 3.28680000e-01
 3.29946667e-01 3.31313333e-01 3.32773333e-01 3.34126667e-01
 3.34133333e-01 3.35573333e-01 3.36906667e-01 3.38200000e-01
 3.39706667e-01 3.41153333e-01 3.42580000e-01 3.43886667e-01
 3.45340000e-01 3.46620000e-01 3.47880000e-01 3.49300000e-01
 3.50780000e-01 3.52166667e-01 3.53633333e-01 3.55073333e-01
 3.56300000e-01 3.57633333e-01 3.57633333e-01 3.59053333e-01
 3.60373333e-01 3.61646667e-01 3.63080000e-01 3.64626667e-01
 3.66086667e-01 3.67566667e-01 3.68860000e-01 3.70153333e-01
 3.71540000e-01 3.72953333e-01 3.74426667e-01 3.75693333e-01
 3.77093333e-01 3.78546667e-01 3.80073333e-01 3.81446667e-01
 3.82926667e-01 3.84513333e-01 3.86086667e-01 3.87540000e-01
 3.89060000e-01 3.90426667e-01 3.91853333e-01 3.93253333e-01
 3.94720000e-01 3.96060000e-01 3.97560000e-01 3.98986667e-01
 4.00353333e-01 4.01733333e-01 4.02940000e-01 4.04386667e-01
 4.05700000e-01 4.07073333e-01 4.08393333e-01 4.09933333e-01
 4.11153333e-01 4.12713333e-01 4.14386667e-01 4.15860000e-01
 4.17266667e-01 4.18913333e-01 4.20306667e-01 4.21686667e-01
 4.23273333e-01 4.24813333e-01 4.26366667e-01 4.27626667e-01
 4.29026667e-01 4.30473333e-01 4.31886667e-01 4.33413333e-01
 4.34993333e-01 4.36540000e-01 4.37980000e-01 4.37980000e-01
 4.39553333e-01 4.40913333e-01 4.42513333e-01 4.43900000e-01
 4.45353333e-01 4.46886667e-01 4.48480000e-01 4.50040000e-01
 4.51700000e-01 4.53406667e-01 4.54913333e-01 4.56393333e-01
 4.58026667e-01 4.59600000e-01 4.61146667e-01 4.61146667e-01
 4.62573333e-01 4.64173333e-01 4.65600000e-01 4.67140000e-01
 4.68746667e-01 4.70286667e-01 4.71813333e-01 4.73260000e-01
 4.74746667e-01 4.76346667e-01 4.77826667e-01 4.77833333e-01
 4.79226667e-01 4.80573333e-01 4.82140000e-01 4.83633333e-01
 4.85100000e-01 4.86780000e-01 4.88386667e-01 4.89826667e-01
 4.91513333e-01 4.92966667e-01 4.94486667e-01 4.96120000e-01
 4.97666667e-01 4.99046667e-01 5.00426667e-01 5.01860000e-01
 5.03400000e-01 5.05000000e-01 5.06446667e-01 5.08146667e-01
 5.09600000e-01 5.11140000e-01 5.12746667e-01 5.14233333e-01
 5.15813333e-01 5.17646667e-01 5.19166667e-01 5.20853333e-01
 5.22573333e-01 5.24186667e-01 5.25806667e-01 5.27386667e-01
 5.29093333e-01 5.30740000e-01 5.32166667e-01 5.33673333e-01
 5.35253333e-01 5.36980000e-01 5.38506667e-01 5.40133333e-01
 5.41766667e-01 5.43493333e-01 5.45213333e-01 5.46680000e-01
 5.48200000e-01 5.49773333e-01 5.51373333e-01 5.53026667e-01
 5.54746667e-01 5.56420000e-01 5.58000000e-01 5.59613333e-01
 5.61326667e-01 5.62760000e-01 5.64340000e-01 5.66013333e-01
 5.67733333e-01 5.69286667e-01 5.70886667e-01 5.72560000e-01
 5.74193333e-01 5.75766667e-01 5.77366667e-01 5.79073333e-01
 5.80633333e-01 5.82213333e-01 5.83893333e-01 5.85453333e-01
 5.87020000e-01 5.88626667e-01 5.90240000e-01 5.91866667e-01
 5.93453333e-01 5.93460000e-01 5.95046667e-01 5.96473333e-01
 5.98073333e-01 5.99626667e-01 6.01406667e-01 6.03106667e-01
 6.04746667e-01 6.06440000e-01 6.08080000e-01 6.09746667e-01
 6.11446667e-01 6.13120000e-01 6.14773333e-01 6.16366667e-01
 6.17866667e-01 6.19693333e-01 6.21513333e-01 6.23040000e-01
 6.24673333e-01 6.26240000e-01 6.27866667e-01 6.29480000e-01
 6.31186667e-01 6.31193333e-01 6.33046667e-01 6.34726667e-01
 6.34733333e-01 6.36460000e-01 6.37933333e-01 6.39746667e-01
 6.41493333e-01 6.43300000e-01 6.44926667e-01 6.46653333e-01
 6.48366667e-01 6.50086667e-01 6.51860000e-01 6.53520000e-01
 6.55206667e-01 6.56860000e-01 6.58520000e-01 6.60026667e-01
 6.61673333e-01 6.63520000e-01 6.65380000e-01 6.67226667e-01
 6.69046667e-01 6.70880000e-01 6.72760000e-01 6.74633333e-01
 6.76453333e-01 6.78173333e-01 6.79853333e-01 6.81453333e-01
 6.83200000e-01 6.85053333e-01 6.86853333e-01 6.88566667e-01
 6.90360000e-01 6.92293333e-01 6.94253333e-01 6.96066667e-01
 6.98020000e-01 6.99826667e-01 7.01586667e-01 7.03420000e-01
 7.05093333e-01 7.06993333e-01 7.09153333e-01 7.11233333e-01
 7.11240000e-01 7.13200000e-01 7.15093333e-01 7.17046667e-01
 7.19160000e-01 7.21300000e-01 7.23486667e-01 7.25453333e-01
 7.27646667e-01 7.29900000e-01 7.32080000e-01 7.34306667e-01
 7.36520000e-01 7.38680000e-01 7.40860000e-01 7.42926667e-01
 7.45086667e-01 7.47406667e-01 7.47406667e-01 7.49453333e-01
 7.51753333e-01 7.54053333e-01 7.56140000e-01 7.58313333e-01
 7.60460000e-01 7.60466667e-01 7.62980000e-01 7.65540000e-01
 7.68066667e-01 7.70340000e-01 7.72853333e-01 7.75353333e-01
 7.78313333e-01 7.80833333e-01 7.83506667e-01 7.86173333e-01
 7.88806667e-01 7.88813333e-01 7.91626667e-01 7.94353333e-01
 7.97353333e-01 8.00160000e-01 8.03420000e-01 8.06593333e-01
 8.09726667e-01 8.13066667e-01 8.16400000e-01 8.19620000e-01
 8.23020000e-01 8.26493333e-01 8.29993333e-01 8.33486667e-01
 8.37206667e-01 8.41420000e-01 8.45433333e-01 8.49193333e-01
 8.53546667e-01 8.57806667e-01 8.62353333e-01 8.67013333e-01
 8.72000000e-01 8.77080000e-01 8.82573333e-01 8.88306667e-01
 8.94206667e-01 9.00246667e-01 9.06366667e-01 9.13386667e-01
 9.20553333e-01 9.29006667e-01 9.37786667e-01 9.47466667e-01
 9.58820000e-01 9.72560000e-01 1.00000000e+00],[0.         0.04470667 0.05723333 0.06545333 0.07257333 0.07876667
 0.08487333 0.09036    0.09593333 0.10094667 0.10605333 0.11081333
 0.11574    0.12018667 0.12018667 0.1245     0.12892    0.13342667
 0.13742    0.14117333 0.14509333 0.14891333 0.15274667 0.15622667
 0.16014    0.16354667 0.16676667 0.16996667 0.16997333 0.17338
 0.17680667 0.17996    0.18300667 0.18623333 0.18914    0.19211333
 0.19492    0.19492667 0.19762667 0.20043333 0.20322    0.20606
 0.20876    0.21166667 0.21418    0.21700667 0.21949333 0.22182667
 0.22428    0.22670667 0.22908    0.23164    0.23414    0.23611333
 0.23833333 0.24084    0.24084667 0.24312667 0.24556    0.24556667
 0.24788667 0.2501     0.25228    0.25448    0.25686667 0.2591
 0.2613     0.26344    0.26554667 0.26758667 0.26971333 0.27173333
 0.27394    0.276      0.27812    0.28008667 0.28215333 0.28447333
 0.28650667 0.28852    0.29061333 0.29244667 0.29452667 0.29662667
 0.29862667 0.30046667 0.30248667 0.3044     0.30638667 0.30828667
 0.31019333 0.31218    0.31421333 0.31605333 0.31792667 0.31974
 0.32166667 0.32357333 0.32532667 0.3273     0.32908667 0.33085333
 0.33258667 0.33438667 0.33631333 0.33813333 0.33987333 0.34182
 0.34351333 0.34527333 0.34711333 0.34865333 0.35036667 0.35218667
 0.35397333 0.35581333 0.35756    0.35920667 0.3609     0.3625
 0.36416667 0.36585333 0.36745333 0.36908667 0.37068    0.37234667
 0.37392667 0.37551333 0.3773     0.37896667 0.38058667 0.38059333
 0.38210667 0.38379333 0.38531333 0.38703333 0.38870667 0.39026667
 0.39184667 0.39343333 0.39501333 0.39654667 0.39840667 0.40024667
 0.40178    0.40351333 0.40510667 0.40677333 0.40847333 0.40848
 0.41017333 0.41017333 0.4118     0.41348667 0.41521333 0.41696667
 0.41855333 0.42026667 0.42198667 0.42386    0.42537333 0.42721333
 0.42883333 0.43031333 0.43212    0.43364    0.43523333 0.43676667
 0.43816667 0.43986667 0.44151333 0.44318    0.44318    0.44473333
 0.44647333 0.44825333 0.44984    0.45142    0.45303333 0.45450667
 0.45616    0.45774    0.45932667 0.46113333 0.4626     0.4626
 0.46436    0.46607333 0.46777333 0.4694     0.47100667 0.47263333
 0.47421333 0.47582667 0.4773     0.47882667 0.48054667 0.48216
 0.48365333 0.48552667 0.487      0.48861333 0.4903     0.49180667
 0.49332    0.49498    0.49647333 0.49816    0.49988    0.50151333
 0.50312667 0.50468    0.50638    0.50802    0.50948667 0.51096
 0.51251333 0.51402667 0.51564667 0.51713333 0.5186     0.52026667
 0.52197333 0.52358    0.52509333 0.52684667 0.52685333 0.52839333
 0.52990667 0.53159333 0.53312667 0.53462    0.53610667 0.53775333
 0.53926667 0.54082667 0.54247333 0.54407333 0.54565333 0.54732667
 0.54872    0.55025333 0.5519     0.55190667 0.55336667 0.55476
 0.55644667 0.55803333 0.55962    0.56102    0.56246    0.56397333
 0.56534    0.56692    0.5683     0.56973333 0.57124667 0.57285333
 0.57438667 0.57569333 0.5757     0.57713333 0.57864667 0.58017333
 0.58180667 0.58336667 0.58482    0.58638667 0.58784667 0.58928667
 0.59074    0.59222667 0.59378    0.59504667 0.59657333 0.59798
 0.59943333 0.60086667 0.60237333 0.60238    0.60385333 0.60545333
 0.60688667 0.60842    0.60974    0.61114667 0.61265333 0.61398
 0.61398667 0.61541333 0.61686667 0.61825333 0.61972    0.62088667
 0.62226667 0.62352667 0.62508667 0.62652667 0.62778667 0.62926
 0.63073333 0.63206667 0.63354    0.63505333 0.63648    0.63806667
 0.63951333 0.64099333 0.64254    0.64384    0.64525333 0.64655333
 0.64802    0.64954    0.65085333 0.65232667 0.65368667 0.65499333
 0.65630667 0.65774    0.65912667 0.66054    0.66178667 0.66335333
 0.66486667 0.66487333 0.66616667 0.66759333 0.66900667 0.67040667
 0.67180667 0.67314667 0.67447333 0.67586667 0.67725333 0.67858667
 0.67986    0.68131333 0.68270667 0.68420667 0.68554667 0.68555333
 0.68692    0.68812    0.68812667 0.68943333 0.68943333 0.69076667
 0.69077333 0.69204667 0.69322    0.69442667 0.6958     0.69721333
 0.69853333 0.69973333 0.70088    0.70088667 0.70208    0.70351333
 0.70485333 0.70612    0.70753333 0.70876667 0.71006    0.71006667
 0.71138667 0.7126     0.71402    0.71531333 0.71664    0.7181
 0.71946    0.72073333 0.72192    0.72326667 0.72449333 0.72566
 0.72694    0.72832    0.72832667 0.72941333 0.73072    0.73198
 0.73325333 0.73436    0.7357     0.73690667 0.73822667 0.73936
 0.74052667 0.74168667 0.74284    0.74398667 0.7452     0.74638667
 0.7477     0.74882    0.75007333 0.75126667 0.75126667 0.75251333
 0.75390667 0.75508667 0.75632667 0.75754667 0.75870667 0.75984
 0.761      0.76212    0.76346667 0.76482667 0.76602    0.76722667
 0.76836    0.76958667 0.77062667 0.77182667 0.77295333 0.77413333
 0.77524    0.77635333 0.77744    0.77853333 0.77968    0.78070667
 0.78191333 0.78314    0.78404    0.78508667 0.78625333 0.78729333
 0.78836    0.78958667 0.79061333 0.79160667 0.79268667 0.79378667
 0.79474    0.79576    0.79685333 0.79782667 0.79886    0.79998
 0.80099333 0.80099333 0.80187333 0.80286    0.80391333 0.80490667
 0.80596    0.80597333 0.80699333 0.8081     0.80916667 0.81036
 0.81140667 0.81241333 0.81352    0.81458667 0.81548    0.81548
 0.81641333 0.81744667 0.81848667 0.81938667 0.81938667 0.82051333
 0.82152    0.82230667 0.82330667 0.82434    0.82528    0.82634
 0.82736667 0.82845333 0.82947333 0.83045333 0.8315     0.83246667
 0.83346667 0.83453333 0.83553333 0.83653333 0.83755333 0.83848667
 0.83935333 0.84030667 0.84122667 0.84206    0.84304667 0.84406667
 0.84492    0.84586    0.84672667 0.84764667 0.84865333 0.84865333
 0.84958667 0.85044    0.85134    0.85214    0.85312667 0.85397333
 0.85397333 0.85486    0.85568667 0.85653333 0.85730667 0.85828667
 0.85916    0.86006667 0.86094667 0.86174667 0.86274667 0.86362
 0.86450667 0.86538667 0.86624    0.86713333 0.86797333 0.86882667
 0.86883333 0.86974    0.87054667 0.87148    0.87229333 0.87298
 0.87393333 0.87484667 0.87577333 0.87678    0.87764667 0.87846
 0.87932    0.88012667 0.8808     0.8817     0.88257333 0.88342
 0.88421333 0.88499333 0.88580667 0.88664667 0.88734667 0.88812
 0.88897333 0.88978667 0.89056    0.89134667 0.89215333 0.89293333
 0.89362    0.89433333 0.89507333 0.89593333 0.89674    0.89732667
 0.89816    0.89892667 0.89960667 0.90025333 0.90097333 0.90162
 0.90244667 0.9032     0.90404667 0.90478    0.90552667 0.90627333
 0.90707333 0.90778667 0.90861333 0.90929333 0.90996667 0.91067333
 0.91140667 0.91202667 0.91276667 0.91277333 0.91348667 0.91419333
 0.91486667 0.91545333 0.91612667 0.91684667 0.91748667 0.9181
 0.91881333 0.91946667 0.92006667 0.92061333 0.92117333 0.92179333
 0.92248    0.92248667 0.92304    0.92363333 0.92432    0.92505333
 0.92572667 0.92633333 0.92690667 0.92741333 0.92812    0.92871333
 0.92936667 0.92936667 0.92998    0.93068667 0.93126    0.93181333
 0.93233333 0.93306    0.93358667 0.93419333 0.93473333 0.93535333
 0.93588667 0.9364     0.93684    0.93738667 0.93808    0.9386
 0.93918    0.93978667 0.94040667 0.94098667 0.94159333 0.94222
 0.94274    0.94338    0.94386    0.94438    0.94498667 0.94548
 0.94600667 0.94668    0.94722    0.9477     0.94821333 0.94864
 0.94918    0.94972    0.95021333 0.95076667 0.95125333 0.95182
 0.95223333 0.95273333 0.95314    0.9536     0.95400667 0.95448667
 0.95498    0.95533333 0.95594    0.95637333 0.95690667 0.95738667
 0.95794    0.95831333 0.95875333 0.95922    0.95967333 0.9602
 0.96061333 0.96104    0.96154667 0.96195333 0.96232    0.96289333
 0.96330667 0.96374    0.9641     0.96448667 0.96485333 0.96531333
 0.96564    0.96612667 0.96646667 0.96646667 0.96684    0.96732667
 0.96781333 0.96820667 0.96869333 0.96899333 0.96941333 0.96986667
 0.97020667 0.9706     0.97112    0.97160667 0.97194667 0.97224
 0.97262667 0.97301333 0.97336667 0.97368667 0.97404667 0.97434667
 0.97468667 0.97504    0.97546    0.97546    0.97585333 0.97626
 0.97626    0.97668667 0.97704667 0.97738    0.9778     0.97817333
 0.97844    0.97877333 0.97913333 0.97948    0.97980667 0.98018
 0.98047333 0.98074667 0.98097333 0.98126667 0.98156    0.98187333
 0.98217333 0.98252667 0.98279333 0.98310667 0.98345333 0.98375333
 0.98404667 0.9843     0.98462667 0.98491333 0.98515333 0.98544667
 0.98574    0.98594667 0.98627333 0.98655333 0.98683333 0.98704667
 0.98734    0.9877     0.98788667 0.98812    0.98836    0.98858
 0.98894667 0.98916667 0.98916667 0.98942    0.98962667 0.98996667
 0.99019333 0.99044667 0.99065333 0.99087333 0.99106667 0.99125333
 0.99146    0.99164    0.99181333 0.99209333 0.9923     0.99248667
 0.99272667 0.9929     0.99290667 0.99307333 0.99328667 0.99345333
 0.99366667 0.99384667 0.99406667 0.99406667 0.99425333 0.99442
 0.99464    0.99484667 0.99502667 0.99517333 0.99532667 0.9955
 0.99569333 0.99586    0.99599333 0.99599333 0.99614667 0.99634
 0.99653333 0.9967     0.99688667 0.99704    0.99716667 0.99724667
 0.99738    0.99749333 0.99759333 0.99778667 0.99794    0.99808
 0.99822667 0.99835333 0.99851333 0.99859333 0.99876    0.99886667
 0.99897333 0.99907333 0.99914    0.99925333 0.99932    0.99944
 0.99948    0.99956667 0.99962    0.99968    0.99972667 0.99978
 0.99984667 0.9999     0.99993333 0.99997333 1.        ],[2.00000000e+00 1.00000000e+00 9.98724490e-01 9.97448980e-01
 9.96173469e-01 9.94897959e-01 9.93622449e-01 9.92346939e-01
 9.91071429e-01 9.89795918e-01 9.88520408e-01 9.87244898e-01
 9.85969388e-01 9.84693878e-01 9.83737245e-01 9.83418367e-01
 9.82142857e-01 9.80867347e-01 9.79591837e-01 9.78316327e-01
 9.77040816e-01 9.75765306e-01 9.74489796e-01 9.73214286e-01
 9.71938776e-01 9.70663265e-01 9.69387755e-01 9.68112245e-01
 9.67580782e-01 9.66836735e-01 9.65561224e-01 9.64285714e-01
 9.63010204e-01 9.61734694e-01 9.60459184e-01 9.59183673e-01
 9.57908163e-01 9.57376701e-01 9.56632653e-01 9.55357143e-01
 9.54081633e-01 9.52806122e-01 9.51530612e-01 9.50255102e-01
 9.48979592e-01 9.47704082e-01 9.46428571e-01 9.45153061e-01
 9.43877551e-01 9.42602041e-01 9.41326531e-01 9.40051020e-01
 9.38775510e-01 9.37500000e-01 9.36224490e-01 9.34948980e-01
 9.34162415e-01 9.33673469e-01 9.32397959e-01 9.31441327e-01
 9.31122449e-01 9.29846939e-01 9.28571429e-01 9.27295918e-01
 9.26020408e-01 9.24744898e-01 9.23469388e-01 9.22193878e-01
 9.20918367e-01 9.19642857e-01 9.18367347e-01 9.17091837e-01
 9.15816327e-01 9.14540816e-01 9.13265306e-01 9.11989796e-01
 9.10714286e-01 9.09438776e-01 9.08163265e-01 9.06887755e-01
 9.05612245e-01 9.04336735e-01 9.03061224e-01 9.01785714e-01
 9.00510204e-01 8.99234694e-01 8.97959184e-01 8.96683673e-01
 8.95408163e-01 8.94132653e-01 8.92857143e-01 8.91581633e-01
 8.90306122e-01 8.89030612e-01 8.87755102e-01 8.86479592e-01
 8.85204082e-01 8.83928571e-01 8.82653061e-01 8.81377551e-01
 8.80102041e-01 8.78826531e-01 8.77551020e-01 8.76275510e-01
 8.75000000e-01 8.73724490e-01 8.72448980e-01 8.71173469e-01
 8.69897959e-01 8.68622449e-01 8.67346939e-01 8.66071429e-01
 8.64795918e-01 8.63520408e-01 8.62244898e-01 8.60969388e-01
 8.59693878e-01 8.58418367e-01 8.57142857e-01 8.55867347e-01
 8.54591837e-01 8.53316327e-01 8.52040816e-01 8.50765306e-01
 8.49489796e-01 8.48214286e-01 8.46938776e-01 8.45663265e-01
 8.44387755e-01 8.43112245e-01 8.41836735e-01 8.41829649e-01
 8.40561224e-01 8.39285714e-01 8.38010204e-01 8.36734694e-01
 8.35459184e-01 8.34183673e-01 8.32908163e-01 8.31632653e-01
 8.30357143e-01 8.29081633e-01 8.27806122e-01 8.26530612e-01
 8.25255102e-01 8.23979592e-01 8.22704082e-01 8.21428571e-01
 8.20153061e-01 8.19196429e-01 8.18877551e-01 8.18133503e-01
 8.17602041e-01 8.16326531e-01 8.15051020e-01 8.13775510e-01
 8.12500000e-01 8.11224490e-01 8.09948980e-01 8.08673469e-01
 8.07397959e-01 8.06122449e-01 8.04846939e-01 8.03571429e-01
 8.02295918e-01 8.01020408e-01 7.99744898e-01 7.98469388e-01
 7.97193878e-01 7.95918367e-01 7.94642857e-01 7.93367347e-01
 7.93154762e-01 7.92091837e-01 7.90816327e-01 7.89540816e-01
 7.88265306e-01 7.86989796e-01 7.85714286e-01 7.84438776e-01
 7.83163265e-01 7.81887755e-01 7.80612245e-01 7.79336735e-01
 7.78061224e-01 7.77636054e-01 7.76785714e-01 7.75510204e-01
 7.74234694e-01 7.72959184e-01 7.71683673e-01 7.70408163e-01
 7.69132653e-01 7.67857143e-01 7.66581633e-01 7.65306122e-01
 7.64030612e-01 7.62755102e-01 7.61479592e-01 7.60204082e-01
 7.58928571e-01 7.57653061e-01 7.56377551e-01 7.55102041e-01
 7.53826531e-01 7.52551020e-01 7.51275510e-01 7.50000000e-01
 7.48724490e-01 7.47448980e-01 7.46173469e-01 7.44897959e-01
 7.43622449e-01 7.42346939e-01 7.41071429e-01 7.39795918e-01
 7.38520408e-01 7.37244898e-01 7.35969388e-01 7.34693878e-01
 7.33418367e-01 7.32142857e-01 7.30867347e-01 7.29591837e-01
 7.28316327e-01 7.27040816e-01 7.25865525e-01 7.25765306e-01
 7.24489796e-01 7.23214286e-01 7.21938776e-01 7.20663265e-01
 7.19387755e-01 7.18112245e-01 7.16836735e-01 7.15561224e-01
 7.14285714e-01 7.13010204e-01 7.11734694e-01 7.10459184e-01
 7.09183673e-01 7.07908163e-01 7.06632653e-01 7.06435253e-01
 7.05357143e-01 7.04081633e-01 7.02806122e-01 7.01530612e-01
 7.00255102e-01 6.98979592e-01 6.97704082e-01 6.96428571e-01
 6.95153061e-01 6.93877551e-01 6.92602041e-01 6.91326531e-01
 6.90051020e-01 6.88775510e-01 6.87500000e-01 6.86224490e-01
 6.86178936e-01 6.84948980e-01 6.83673469e-01 6.82397959e-01
 6.81122449e-01 6.79846939e-01 6.78571429e-01 6.77295918e-01
 6.76020408e-01 6.74744898e-01 6.73469388e-01 6.72193878e-01
 6.70918367e-01 6.69642857e-01 6.68367347e-01 6.67091837e-01
 6.65816327e-01 6.64540816e-01 6.63265306e-01 6.62840136e-01
 6.61989796e-01 6.60714286e-01 6.59438776e-01 6.58163265e-01
 6.56887755e-01 6.55612245e-01 6.54336735e-01 6.53061224e-01
 6.52514577e-01 6.51785714e-01 6.50510204e-01 6.49234694e-01
 6.47959184e-01 6.46683673e-01 6.45408163e-01 6.44132653e-01
 6.42857143e-01 6.41581633e-01 6.40306122e-01 6.39030612e-01
 6.37755102e-01 6.36479592e-01 6.35204082e-01 6.33928571e-01
 6.32653061e-01 6.31377551e-01 6.30102041e-01 6.28826531e-01
 6.27551020e-01 6.26275510e-01 6.25000000e-01 6.23724490e-01
 6.22448980e-01 6.21173469e-01 6.19897959e-01 6.18622449e-01
 6.17346939e-01 6.16071429e-01 6.14795918e-01 6.13520408e-01
 6.12244898e-01 6.10969388e-01 6.09693878e-01 6.08418367e-01
 6.07142857e-01 6.06505102e-01 6.05867347e-01 6.04591837e-01
 6.03316327e-01 6.02040816e-01 6.00765306e-01 5.99489796e-01
 5.98214286e-01 5.96938776e-01 5.95663265e-01 5.94387755e-01
 5.93112245e-01 5.91836735e-01 5.90561224e-01 5.89285714e-01
 5.88010204e-01 5.87585034e-01 5.86734694e-01 5.85459184e-01
 5.84672619e-01 5.84183673e-01 5.83397109e-01 5.82908163e-01
 5.82482993e-01 5.81632653e-01 5.80357143e-01 5.79081633e-01
 5.77806122e-01 5.76530612e-01 5.75255102e-01 5.73979592e-01
 5.72704082e-01 5.72591715e-01 5.71428571e-01 5.70153061e-01
 5.68877551e-01 5.67602041e-01 5.66326531e-01 5.65051020e-01
 5.63775510e-01 5.63578110e-01 5.62500000e-01 5.61224490e-01
 5.59948980e-01 5.58673469e-01 5.57397959e-01 5.56122449e-01
 5.54846939e-01 5.53571429e-01 5.52295918e-01 5.51020408e-01
 5.49744898e-01 5.48469388e-01 5.47193878e-01 5.45918367e-01
 5.44961735e-01 5.44642857e-01 5.43367347e-01 5.42091837e-01
 5.40816327e-01 5.39540816e-01 5.38265306e-01 5.36989796e-01
 5.35714286e-01 5.34438776e-01 5.33163265e-01 5.31887755e-01
 5.30612245e-01 5.29336735e-01 5.28061224e-01 5.26785714e-01
 5.25510204e-01 5.24234694e-01 5.22959184e-01 5.21683673e-01
 5.20833333e-01 5.20408163e-01 5.19132653e-01 5.17857143e-01
 5.16581633e-01 5.15306122e-01 5.14030612e-01 5.12755102e-01
 5.11479592e-01 5.10204082e-01 5.08928571e-01 5.07653061e-01
 5.06377551e-01 5.05102041e-01 5.03826531e-01 5.02551020e-01
 5.01275510e-01 5.00000000e-01 4.98724490e-01 4.97448980e-01
 4.96173469e-01 4.94897959e-01 4.93622449e-01 4.92346939e-01
 4.91071429e-01 4.89795918e-01 4.88520408e-01 4.87244898e-01
 4.85969388e-01 4.84693878e-01 4.83418367e-01 4.82142857e-01
 4.80867347e-01 4.79591837e-01 4.78316327e-01 4.77040816e-01
 4.75765306e-01 4.74489796e-01 4.73214286e-01 4.71938776e-01
 4.70663265e-01 4.69387755e-01 4.68112245e-01 4.66836735e-01
 4.65561224e-01 4.64534742e-01 4.64285714e-01 4.63010204e-01
 4.61734694e-01 4.60459184e-01 4.59183673e-01 4.58333333e-01
 4.57908163e-01 4.56632653e-01 4.55357143e-01 4.54081633e-01
 4.52806122e-01 4.51530612e-01 4.50255102e-01 4.48979592e-01
 4.47704082e-01 4.47278912e-01 4.46428571e-01 4.45153061e-01
 4.43877551e-01 4.42602041e-01 4.42000729e-01 4.41326531e-01
 4.40051020e-01 4.38775510e-01 4.37500000e-01 4.36224490e-01
 4.34948980e-01 4.33673469e-01 4.32397959e-01 4.31122449e-01
 4.29846939e-01 4.28571429e-01 4.27295918e-01 4.26020408e-01
 4.24744898e-01 4.23469388e-01 4.22193878e-01 4.20918367e-01
 4.19642857e-01 4.18367347e-01 4.17091837e-01 4.15816327e-01
 4.14540816e-01 4.13265306e-01 4.11989796e-01 4.10714286e-01
 4.09438776e-01 4.08163265e-01 4.06887755e-01 4.05612245e-01
 4.04336735e-01 4.03267736e-01 4.03061224e-01 4.01785714e-01
 4.00510204e-01 3.99234694e-01 3.97959184e-01 3.96683673e-01
 3.96258503e-01 3.95408163e-01 3.94132653e-01 3.92857143e-01
 3.91581633e-01 3.90306122e-01 3.89030612e-01 3.87755102e-01
 3.86479592e-01 3.85204082e-01 3.83928571e-01 3.82653061e-01
 3.81377551e-01 3.80102041e-01 3.78826531e-01 3.77551020e-01
 3.76275510e-01 3.75000000e-01 3.74453353e-01 3.73724490e-01
 3.72448980e-01 3.71173469e-01 3.69897959e-01 3.68622449e-01
 3.67346939e-01 3.66071429e-01 3.64795918e-01 3.63520408e-01
 3.62244898e-01 3.60969388e-01 3.59693878e-01 3.58418367e-01
 3.57142857e-01 3.55867347e-01 3.54591837e-01 3.53316327e-01
 3.52040816e-01 3.50765306e-01 3.49489796e-01 3.48214286e-01
 3.46938776e-01 3.45663265e-01 3.44387755e-01 3.43112245e-01
 3.41836735e-01 3.40561224e-01 3.39285714e-01 3.38010204e-01
 3.36734694e-01 3.35459184e-01 3.34183673e-01 3.32908163e-01
 3.31632653e-01 3.30357143e-01 3.29081633e-01 3.27806122e-01
 3.26530612e-01 3.25255102e-01 3.23979592e-01 3.22704082e-01
 3.21428571e-01 3.20153061e-01 3.18877551e-01 3.17602041e-01
 3.16326531e-01 3.15051020e-01 3.13775510e-01 3.12500000e-01
 3.11224490e-01 3.09948980e-01 3.08673469e-01 3.07397959e-01
 3.06122449e-01 3.04846939e-01 3.03571429e-01 3.03146259e-01
 3.02295918e-01 3.01020408e-01 2.99744898e-01 2.98469388e-01
 2.97193878e-01 2.95918367e-01 2.94642857e-01 2.93367347e-01
 2.92091837e-01 2.90816327e-01 2.89540816e-01 2.88265306e-01
 2.86989796e-01 2.85714286e-01 2.84438776e-01 2.83801020e-01
 2.83163265e-01 2.81887755e-01 2.80612245e-01 2.79336735e-01
 2.78061224e-01 2.76785714e-01 2.75510204e-01 2.74234694e-01
 2.72959184e-01 2.71683673e-01 2.70408163e-01 2.70216837e-01
 2.69132653e-01 2.67857143e-01 2.66581633e-01 2.65306122e-01
 2.64030612e-01 2.62755102e-01 2.61479592e-01 2.60204082e-01
 2.58928571e-01 2.57653061e-01 2.56377551e-01 2.55102041e-01
 2.53826531e-01 2.52551020e-01 2.51275510e-01 2.50000000e-01
 2.48724490e-01 2.47448980e-01 2.46173469e-01 2.44897959e-01
 2.43622449e-01 2.42346939e-01 2.41071429e-01 2.39795918e-01
 2.38520408e-01 2.37244898e-01 2.35969388e-01 2.34693878e-01
 2.33418367e-01 2.32142857e-01 2.30867347e-01 2.29591837e-01
 2.28316327e-01 2.27040816e-01 2.25765306e-01 2.24489796e-01
 2.23214286e-01 2.21938776e-01 2.20663265e-01 2.19387755e-01
 2.18112245e-01 2.16836735e-01 2.15561224e-01 2.14285714e-01
 2.13010204e-01 2.11734694e-01 2.10459184e-01 2.09183673e-01
 2.07908163e-01 2.06632653e-01 2.05357143e-01 2.04081633e-01
 2.02806122e-01 2.01530612e-01 2.00255102e-01 1.98979592e-01
 1.97704082e-01 1.96428571e-01 1.95153061e-01 1.93877551e-01
 1.92602041e-01 1.91326531e-01 1.90051020e-01 1.88775510e-01
 1.87500000e-01 1.86224490e-01 1.84948980e-01 1.83673469e-01
 1.82397959e-01 1.81122449e-01 1.79846939e-01 1.78571429e-01
 1.77295918e-01 1.76530612e-01 1.76020408e-01 1.74744898e-01
 1.73469388e-01 1.72193878e-01 1.70918367e-01 1.69642857e-01
 1.68367347e-01 1.67091837e-01 1.65816327e-01 1.64540816e-01
 1.63265306e-01 1.61989796e-01 1.60714286e-01 1.59438776e-01
 1.58163265e-01 1.56887755e-01 1.55612245e-01 1.54336735e-01
 1.53061224e-01 1.51785714e-01 1.50510204e-01 1.49234694e-01
 1.47959184e-01 1.47512755e-01 1.46683673e-01 1.45408163e-01
 1.44238946e-01 1.44132653e-01 1.42857143e-01 1.41581633e-01
 1.40306122e-01 1.39030612e-01 1.37755102e-01 1.36479592e-01
 1.35204082e-01 1.33928571e-01 1.32653061e-01 1.31377551e-01
 1.30102041e-01 1.28826531e-01 1.27551020e-01 1.26275510e-01
 1.25000000e-01 1.23724490e-01 1.22448980e-01 1.21173469e-01
 1.19897959e-01 1.18622449e-01 1.17346939e-01 1.16071429e-01
 1.14795918e-01 1.13520408e-01 1.12244898e-01 1.10969388e-01
 1.09693878e-01 1.08418367e-01 1.07142857e-01 1.05867347e-01
 1.04591837e-01 1.03316327e-01 1.02040816e-01 1.00765306e-01
 9.94897959e-02 9.82142857e-02 9.69387755e-02 9.56632653e-02
 9.43877551e-02 9.31122449e-02 9.18367347e-02 9.05612245e-02
 9.04761905e-02 8.92857143e-02 8.80102041e-02 8.67346939e-02
 8.54591837e-02 8.41836735e-02 8.29081633e-02 8.16326531e-02
 8.03571429e-02 7.90816327e-02 7.78061224e-02 7.65306122e-02
 7.52551020e-02 7.39795918e-02 7.27040816e-02 7.14285714e-02
 7.01530612e-02 6.88775510e-02 6.78146259e-02 6.76020408e-02
 6.63265306e-02 6.50510204e-02 6.37755102e-02 6.25000000e-02
 6.12244898e-02 6.09056122e-02 5.99489796e-02 5.86734694e-02
 5.73979592e-02 5.61224490e-02 5.48469388e-02 5.35714286e-02
 5.22959184e-02 5.10204082e-02 4.97448980e-02 4.84693878e-02
 4.71938776e-02 4.68750000e-02 4.59183673e-02 4.46428571e-02
 4.33673469e-02 4.20918367e-02 4.08163265e-02 3.95408163e-02
 3.82653061e-02 3.69897959e-02 3.57142857e-02 3.44387755e-02
 3.31632653e-02 3.18877551e-02 3.06122449e-02 2.93367347e-02
 2.80612245e-02 2.67857143e-02 2.55102041e-02 2.42346939e-02
 2.29591837e-02 2.16836735e-02 2.04081633e-02 1.91326531e-02
 1.78571429e-02 1.65816327e-02 1.53061224e-02 1.40306122e-02
 1.27551020e-02 1.14795918e-02 1.02040816e-02 8.92857143e-03
 7.65306122e-03 6.37755102e-03 5.10204082e-03 3.82653061e-03
 2.55102041e-03 1.27551020e-03 0.00000000e+00]
