16,[0.         0.00962667 0.02698667 0.02698667 0.05322    0.09014667
 0.13660667 0.1931     0.25472    0.32343333 0.39633333 0.46886
 0.54121333 0.61064    0.67576667 0.73552667 0.79248    0.8497
 1.        ],[0.         0.06559333 0.13036    0.13036667 0.20336667 0.28517333
 0.3736     0.46358667 0.55228    0.63826667 0.7173     0.78652667
 0.84605333 0.89384    0.93264    0.96182667 0.98109333 0.99328667
 1.        ],[2.         1.         0.9375     0.93229167 0.875      0.8125
 0.75       0.6875     0.625      0.5625     0.5        0.4375
 0.375      0.3125     0.25       0.1875     0.125      0.0625
 0.        ]
64,[0.         0.00129333 0.00292667 0.00292667 0.00484667 0.00729333
 0.01036667 0.01388667 0.01808    0.02254667 0.02773333 0.03388
 0.04037333 0.04758667 0.05596667 0.0646     0.07452    0.08492
 0.09658    0.1084     0.1219     0.13524667 0.14974    0.16523333
 0.18074    0.19745333 0.21456    0.23188    0.24928667 0.26821333
 0.28677333 0.30550667 0.32553333 0.34554    0.36536667 0.38486
 0.40508    0.42508    0.44513333 0.46526    0.48526667 0.50500667
 0.52372    0.54328    0.56244667 0.58088    0.59870667 0.61584
 0.6336     0.65063333 0.66787333 0.68512667 0.70122667 0.71656
 0.73196    0.74704667 0.76174    0.77633333 0.79047333 0.80428667
 0.81754    0.8311     0.84477333 0.85848    0.87374    0.89502
 1.        ],[0.         0.02212667 0.03672667 0.03673333 0.05051333 0.06432
 0.07909333 0.09501333 0.11159333 0.12892667 0.14706667 0.16586667
 0.1863     0.20796667 0.2296     0.25142    0.27322667 0.29630667
 0.31985333 0.34360667 0.36806667 0.39260667 0.41789333 0.44325333
 0.46789333 0.4922     0.51745333 0.54232667 0.56678    0.59068
 0.61425333 0.63747333 0.65958    0.68108667 0.70242    0.72312667
 0.74296667 0.76163333 0.78028    0.79756    0.81425333 0.83052667
 0.84546    0.85972    0.87305333 0.88603333 0.89804667 0.90956
 0.91959333 0.92954667 0.93863333 0.94703333 0.95447333 0.96103333
 0.96722667 0.97245333 0.97692667 0.98086667 0.98428    0.98747333
 0.99047333 0.99296    0.99509333 0.99669333 0.99796667 0.99908667
 1.        ],[2.         1.         0.984375   0.97526042 0.96875    0.953125
 0.9375     0.921875   0.90625    0.890625   0.875      0.859375
 0.84375    0.828125   0.8125     0.796875   0.78125    0.765625
 0.75       0.734375   0.71875    0.703125   0.6875     0.671875
 0.65625    0.640625   0.625      0.609375   0.59375    0.578125
 0.5625     0.546875   0.53125    0.515625   0.5        0.484375
 0.46875    0.453125   0.4375     0.421875   0.40625    0.390625
 0.375      0.359375   0.34375    0.328125   0.3125     0.296875
 0.28125    0.265625   0.25       0.234375   0.21875    0.203125
 0.1875     0.171875   0.15625    0.140625   0.125      0.109375
 0.09375    0.078125   0.0625     0.046875   0.03125    0.015625
 0.        ]
144,[0.00000000e+00 6.53333333e-04 1.14000000e-03 1.64666667e-03
 2.29333333e-03 2.97333333e-03 3.85333333e-03 3.85333333e-03
 4.90000000e-03 5.87333333e-03 6.97333333e-03 8.14666667e-03
 9.37333333e-03 1.07666667e-02 1.22333333e-02 1.38000000e-02
 1.55266667e-02 1.74400000e-02 1.94200000e-02 2.15133333e-02
 2.40133333e-02 2.63533333e-02 2.87266667e-02 3.12666667e-02
 3.43000000e-02 3.75000000e-02 4.05533333e-02 4.38866667e-02
 4.73333333e-02 5.06866667e-02 5.41066667e-02 5.41066667e-02
 5.78266667e-02 6.14066667e-02 6.56266667e-02 6.99466667e-02
 7.42200000e-02 7.88333333e-02 8.38933333e-02 8.88600000e-02
 9.40266667e-02 9.90800000e-02 1.04693333e-01 1.10546667e-01
 1.16426667e-01 1.22560000e-01 1.28620000e-01 1.35040000e-01
 1.41286667e-01 1.47806667e-01 1.54433333e-01 1.61333333e-01
 1.68633333e-01 1.75566667e-01 1.82820000e-01 1.90320000e-01
 1.97753333e-01 2.05093333e-01 2.13100000e-01 2.20793333e-01
 2.28786667e-01 2.37346667e-01 2.45646667e-01 2.53926667e-01
 2.62426667e-01 2.70546667e-01 2.79346667e-01 2.87933333e-01
 2.96473333e-01 3.04853333e-01 3.13700000e-01 3.22766667e-01
 3.31833333e-01 3.40780000e-01 3.50086667e-01 3.59440000e-01
 3.68440000e-01 3.77340000e-01 3.86593333e-01 3.95273333e-01
 4.04320000e-01 4.13346667e-01 4.13353333e-01 4.22106667e-01
 4.31373333e-01 4.40520000e-01 4.49700000e-01 4.58886667e-01
 4.67800000e-01 4.76920000e-01 4.85806667e-01 4.94813333e-01
 5.03506667e-01 5.12040000e-01 5.20973333e-01 5.29913333e-01
 5.38773333e-01 5.47220000e-01 5.55893333e-01 5.64520000e-01
 5.64520000e-01 5.72760000e-01 5.80833333e-01 5.88906667e-01
 5.97100000e-01 6.04993333e-01 6.12960000e-01 6.21006667e-01
 6.28786667e-01 6.36606667e-01 6.44080000e-01 6.51853333e-01
 6.59353333e-01 6.67300000e-01 6.74966667e-01 6.82326667e-01
 6.89620000e-01 6.96960000e-01 7.04233333e-01 7.11460000e-01
 7.18520000e-01 7.25213333e-01 7.31760000e-01 7.38600000e-01
 7.45140000e-01 7.51606667e-01 7.58400000e-01 7.65300000e-01
 7.71613333e-01 7.77866667e-01 7.84273333e-01 7.90273333e-01
 7.96220000e-01 8.02220000e-01 8.08126667e-01 8.14040000e-01
 8.20206667e-01 8.26213333e-01 8.32313333e-01 8.38413333e-01
 8.44200000e-01 8.50566667e-01 8.56313333e-01 8.62513333e-01
 8.68933333e-01 8.75500000e-01 8.83386667e-01 8.93653333e-01
 9.10033333e-01 1.00000000e+00],[0.         0.01358667 0.02129333 0.02766    0.03406667 0.03996
 0.04559333 0.0456     0.05186    0.05810667 0.06424    0.07071333
 0.07707333 0.08374    0.09089333 0.09804    0.10546    0.11277333
 0.12079333 0.12882    0.13672667 0.14519333 0.15388667 0.16228667
 0.17104    0.18022    0.18918667 0.19830667 0.20754667 0.21715333
 0.22673333 0.22674    0.23612667 0.24572667 0.25584    0.26597333
 0.27642    0.28670667 0.29742    0.30818    0.31879333 0.32982667
 0.34074667 0.35121333 0.36241333 0.37382    0.38544667 0.39624667
 0.40756667 0.41910667 0.43020667 0.44176667 0.45339333 0.46448
 0.47580667 0.48669333 0.49808    0.50939333 0.52046667 0.53215333
 0.54329333 0.55441333 0.56540667 0.57659333 0.58749333 0.59838
 0.60906    0.61965333 0.63044    0.64084    0.65050667 0.66063333
 0.67046    0.68017333 0.69014    0.69974667 0.70871333 0.71783333
 0.72701333 0.73632    0.74541333 0.75387333 0.75387333 0.76223333
 0.77074667 0.77892667 0.78718    0.79496    0.80259333 0.81032667
 0.81786667 0.82505333 0.83211333 0.83919333 0.84617333 0.85249333
 0.85919333 0.86539333 0.87127333 0.8771     0.87710667 0.88308
 0.88866    0.89415333 0.89955333 0.90484    0.90999333 0.91502667
 0.91953333 0.92414    0.92835333 0.93244    0.93640667 0.94027333
 0.944      0.94751333 0.95107333 0.95435333 0.95739333 0.96026667
 0.9629     0.9655     0.96808667 0.97058    0.97282667 0.97466
 0.97662667 0.97846    0.98047333 0.98206667 0.9837     0.98518667
 0.98651333 0.98794    0.98918667 0.99045333 0.99144667 0.99252667
 0.99354    0.99459333 0.99534667 0.99608    0.9968     0.99739333
 0.99787333 0.99841333 0.99886667 0.99923333 0.99961333 1.        ],[2.         1.         0.99305556 0.98611111 0.97916667 0.97222222
 0.96527778 0.96006944 0.95833333 0.95138889 0.94444444 0.9375
 0.93055556 0.92361111 0.91666667 0.90972222 0.90277778 0.89583333
 0.88888889 0.88194444 0.875      0.86805556 0.86111111 0.85416667
 0.84722222 0.84027778 0.83333333 0.82638889 0.81944444 0.8125
 0.80555556 0.80324074 0.79861111 0.79166667 0.78472222 0.77777778
 0.77083333 0.76388889 0.75694444 0.75       0.74305556 0.73611111
 0.72916667 0.72222222 0.71527778 0.70833333 0.70138889 0.69444444
 0.6875     0.68055556 0.67361111 0.66666667 0.65972222 0.65277778
 0.64583333 0.63888889 0.63194444 0.625      0.61805556 0.61111111
 0.60416667 0.59722222 0.59027778 0.58333333 0.57638889 0.56944444
 0.5625     0.55555556 0.54861111 0.54166667 0.53472222 0.52777778
 0.52083333 0.51388889 0.50694444 0.5        0.49305556 0.48611111
 0.47916667 0.47222222 0.46527778 0.45833333 0.45694444 0.45138889
 0.44444444 0.4375     0.43055556 0.42361111 0.41666667 0.40972222
 0.40277778 0.39583333 0.38888889 0.38194444 0.375      0.36805556
 0.36111111 0.35416667 0.34722222 0.34027778 0.33680556 0.33333333
 0.32638889 0.31944444 0.3125     0.30555556 0.29861111 0.29166667
 0.28472222 0.27777778 0.27083333 0.26388889 0.25694444 0.25
 0.24305556 0.23611111 0.22916667 0.22222222 0.21527778 0.20833333
 0.20138889 0.19444444 0.1875     0.18055556 0.17361111 0.16666667
 0.15972222 0.15277778 0.14583333 0.13888889 0.13194444 0.125
 0.11805556 0.11111111 0.10416667 0.09722222 0.09027778 0.08333333
 0.07638889 0.06944444 0.0625     0.05555556 0.04861111 0.04166667
 0.03472222 0.02777778 0.02083333 0.01388889 0.00694444 0.        ]
256,[0.00000000e+00 4.40000000e-04 7.20000000e-04 9.73333333e-04
 1.24000000e-03 1.55333333e-03 1.82000000e-03 2.22000000e-03
 2.22000000e-03 2.62000000e-03 3.01333333e-03 3.57333333e-03
 3.98666667e-03 4.50666667e-03 5.07333333e-03 5.66666667e-03
 6.26000000e-03 6.89333333e-03 7.55333333e-03 8.23333333e-03
 8.94666667e-03 9.60000000e-03 1.02200000e-02 1.10133333e-02
 1.17333333e-02 1.25800000e-02 1.35933333e-02 1.44733333e-02
 1.54666667e-02 1.65133333e-02 1.75866667e-02 1.88333333e-02
 2.01066667e-02 2.13333333e-02 2.27133333e-02 2.40866667e-02
 2.53600000e-02 2.68666667e-02 2.82600000e-02 2.95933333e-02
 3.10266667e-02 3.26200000e-02 3.42666667e-02 3.59866667e-02
 3.74866667e-02 3.91933333e-02 4.10533333e-02 4.29466667e-02
 4.48333333e-02 4.66133333e-02 4.85200000e-02 5.04733333e-02
 5.24200000e-02 5.45066667e-02 5.65600000e-02 5.86400000e-02
 6.07000000e-02 6.30266667e-02 6.52333333e-02 6.76933333e-02
 7.00200000e-02 7.24733333e-02 7.51666667e-02 7.51666667e-02
 7.79333333e-02 8.05266667e-02 8.32866667e-02 8.60933333e-02
 8.89800000e-02 9.18800000e-02 9.47733333e-02 9.77533333e-02
 1.00780000e-01 1.03680000e-01 1.06940000e-01 1.10180000e-01
 1.13520000e-01 1.16966667e-01 1.20440000e-01 1.23766667e-01
 1.27566667e-01 1.30886667e-01 1.34560000e-01 1.38040000e-01
 1.41753333e-01 1.45320000e-01 1.49166667e-01 1.52926667e-01
 1.56600000e-01 1.60453333e-01 1.64366667e-01 1.68286667e-01
 1.72553333e-01 1.76980000e-01 1.81073333e-01 1.81073333e-01
 1.85586667e-01 1.89773333e-01 1.93760000e-01 1.97966667e-01
 2.02233333e-01 2.06480000e-01 2.10966667e-01 2.15453333e-01
 2.15453333e-01 2.20053333e-01 2.24586667e-01 2.29193333e-01
 2.33866667e-01 2.38660000e-01 2.43126667e-01 2.47646667e-01
 2.52273333e-01 2.57073333e-01 2.61726667e-01 2.66520000e-01
 2.71300000e-01 2.76033333e-01 2.80746667e-01 2.85600000e-01
 2.90600000e-01 2.95886667e-01 3.00500000e-01 3.05560000e-01
 3.10953333e-01 3.16120000e-01 3.21073333e-01 3.25986667e-01
 3.31153333e-01 3.36346667e-01 3.41493333e-01 3.46613333e-01
 3.51660000e-01 3.56833333e-01 3.61993333e-01 3.66986667e-01
 3.72300000e-01 3.77673333e-01 3.82853333e-01 3.87960000e-01
 3.92886667e-01 3.97926667e-01 3.97933333e-01 4.02753333e-01
 4.07933333e-01 4.13420000e-01 4.18640000e-01 4.23533333e-01
 4.28706667e-01 4.34026667e-01 4.39413333e-01 4.44460000e-01
 4.49946667e-01 4.54873333e-01 4.59693333e-01 4.64466667e-01
 4.69526667e-01 4.74640000e-01 4.79306667e-01 4.84526667e-01
 4.89660000e-01 4.94820000e-01 4.99906667e-01 5.05280000e-01
 5.10566667e-01 5.15440000e-01 5.20206667e-01 5.25360000e-01
 5.30286667e-01 5.35453333e-01 5.40140000e-01 5.40140000e-01
 5.44993333e-01 5.49633333e-01 5.54266667e-01 5.59060000e-01
 5.63766667e-01 5.68500000e-01 5.73486667e-01 5.77913333e-01
 5.82973333e-01 5.87340000e-01 5.91800000e-01 5.96400000e-01
 6.00953333e-01 6.05493333e-01 6.09786667e-01 6.14460000e-01
 6.18940000e-01 6.23766667e-01 6.28366667e-01 6.33060000e-01
 6.37666667e-01 6.42093333e-01 6.46346667e-01 6.50853333e-01
 6.54966667e-01 6.58920000e-01 6.63100000e-01 6.67226667e-01
 6.71466667e-01 6.75840000e-01 6.79880000e-01 6.84286667e-01
 6.88213333e-01 6.92326667e-01 6.96653333e-01 7.00473333e-01
 7.04120000e-01 7.08273333e-01 7.12166667e-01 7.16333333e-01
 7.20313333e-01 7.24446667e-01 7.28200000e-01 7.32006667e-01
 7.35740000e-01 7.39640000e-01 7.43580000e-01 7.47280000e-01
 7.50973333e-01 7.54480000e-01 7.57793333e-01 7.61380000e-01
 7.65166667e-01 7.68773333e-01 7.72386667e-01 7.75760000e-01
 7.79560000e-01 7.83246667e-01 7.86853333e-01 7.90553333e-01
 7.93913333e-01 7.97080000e-01 8.00613333e-01 8.04066667e-01
 8.07426667e-01 8.10906667e-01 8.14440000e-01 8.17680000e-01
 8.21066667e-01 8.24533333e-01 8.27906667e-01 8.31180000e-01
 8.34180000e-01 8.37500000e-01 8.40980000e-01 8.44213333e-01
 8.47726667e-01 8.51173333e-01 8.54400000e-01 8.57853333e-01
 8.61153333e-01 8.64526667e-01 8.68146667e-01 8.71653333e-01
 8.75220000e-01 8.79446667e-01 8.84126667e-01 8.89040000e-01
 8.95753333e-01 9.04353333e-01 9.18840000e-01 1.00000000e+00],[0.         0.00965333 0.01512    0.01906667 0.02293333 0.02650667
 0.02990667 0.03312667 0.03313333 0.03652667 0.03995333 0.04339333
 0.04652    0.05008    0.05360667 0.05702    0.06047333 0.0641
 0.06766667 0.07126    0.07484667 0.07876667 0.08252    0.08623333
 0.09013333 0.09408667 0.09805333 0.10232667 0.10643333 0.11057333
 0.11480667 0.11928    0.12380667 0.1284     0.13296667 0.13745333
 0.14191333 0.14655333 0.15131333 0.15642667 0.16142    0.16632
 0.17118667 0.17622    0.18104    0.18612667 0.19136    0.19678
 0.20206    0.20752667 0.21254667 0.21828667 0.22345333 0.22864667
 0.23460667 0.24009333 0.24556667 0.25144667 0.25733333 0.26308667
 0.26868667 0.27465333 0.28012667 0.28013333 0.2856     0.29142667
 0.29756667 0.30355333 0.30916    0.31545333 0.32162    0.32815333
 0.33435333 0.34016    0.34642667 0.35300667 0.35918    0.36562
 0.37193333 0.37822    0.38417333 0.39065333 0.39722667 0.40349333
 0.40991333 0.41610667 0.42254667 0.42886    0.43567333 0.44226667
 0.44872667 0.45503333 0.46149333 0.46782    0.47411333 0.47412
 0.48080667 0.48688667 0.49331333 0.49930667 0.50592667 0.51246667
 0.51903333 0.52538667 0.52539333 0.53168    0.5383     0.54473333
 0.5509     0.55747333 0.56365333 0.56951333 0.5757     0.58188
 0.58824667 0.5945     0.60051333 0.60690667 0.61269333 0.61848667
 0.62456667 0.63082    0.63675333 0.64283333 0.64852    0.65423333
 0.65968    0.66515333 0.67089333 0.67669333 0.68216667 0.68770667
 0.69305333 0.69838667 0.70365333 0.70878667 0.71407333 0.71949333
 0.7245     0.72962    0.73482667 0.73995333 0.73995333 0.74524
 0.75018    0.75480667 0.75967333 0.76447333 0.76909333 0.77377333
 0.77851333 0.78297333 0.78746667 0.79186    0.79631333 0.80073333
 0.80494    0.80927333 0.81391333 0.81798667 0.82190667 0.82593333
 0.82982    0.83407333 0.83804    0.84219333 0.84607333 0.84986
 0.85378    0.85752667 0.86082667 0.86083333 0.86432667 0.86821333
 0.87158    0.87488    0.8783     0.8813     0.88470667 0.88797333
 0.89102    0.89398667 0.89704    0.90005333 0.90288    0.90568667
 0.90879333 0.9115     0.91417333 0.91691333 0.91952    0.92198
 0.92468667 0.92707333 0.92939333 0.93205333 0.93437333 0.93664
 0.93867333 0.94092    0.94296667 0.94494    0.94684667 0.94864667
 0.95054667 0.95232667 0.95422    0.95592667 0.95753333 0.95924667
 0.96101333 0.96285333 0.96434667 0.96584    0.96708667 0.96842667
 0.96982    0.97128    0.9726     0.97364    0.97477333 0.97594
 0.97694667 0.97780667 0.97894    0.97981333 0.98078    0.98168667
 0.98271333 0.98366667 0.9846     0.98546667 0.98630667 0.98709333
 0.98792    0.98869333 0.98929333 0.98995333 0.99062667 0.99129333
 0.99187333 0.99242667 0.99298667 0.99354    0.99392    0.99453333
 0.99497333 0.99540667 0.99580667 0.99622    0.99659333 0.99695333
 0.99736667 0.99770667 0.99799333 0.9983     0.99850667 0.99872667
 0.99893333 0.99917333 0.99934667 0.99952667 0.99978    1.        ],[2.         1.         0.99609375 0.9921875  0.98828125 0.984375
 0.98046875 0.9765625  0.97395833 0.97265625 0.96875    0.96484375
 0.9609375  0.95703125 0.953125   0.94921875 0.9453125  0.94140625
 0.9375     0.93359375 0.9296875  0.92578125 0.921875   0.91796875
 0.9140625  0.91015625 0.90625    0.90234375 0.8984375  0.89453125
 0.890625   0.88671875 0.8828125  0.87890625 0.875      0.87109375
 0.8671875  0.86328125 0.859375   0.85546875 0.8515625  0.84765625
 0.84375    0.83984375 0.8359375  0.83203125 0.828125   0.82421875
 0.8203125  0.81640625 0.8125     0.80859375 0.8046875  0.80078125
 0.796875   0.79296875 0.7890625  0.78515625 0.78125    0.77734375
 0.7734375  0.76953125 0.765625   0.76432292 0.76171875 0.7578125
 0.75390625 0.75       0.74609375 0.7421875  0.73828125 0.734375
 0.73046875 0.7265625  0.72265625 0.71875    0.71484375 0.7109375
 0.70703125 0.703125   0.69921875 0.6953125  0.69140625 0.6875
 0.68359375 0.6796875  0.67578125 0.671875   0.66796875 0.6640625
 0.66015625 0.65625    0.65234375 0.6484375  0.64453125 0.64296875
 0.640625   0.63671875 0.6328125  0.62890625 0.625      0.62109375
 0.6171875  0.61328125 0.61171875 0.609375   0.60546875 0.6015625
 0.59765625 0.59375    0.58984375 0.5859375  0.58203125 0.578125
 0.57421875 0.5703125  0.56640625 0.5625     0.55859375 0.5546875
 0.55078125 0.546875   0.54296875 0.5390625  0.53515625 0.53125
 0.52734375 0.5234375  0.51953125 0.515625   0.51171875 0.5078125
 0.50390625 0.5        0.49609375 0.4921875  0.48828125 0.484375
 0.48046875 0.4765625  0.47265625 0.46875    0.46796875 0.46484375
 0.4609375  0.45703125 0.453125   0.44921875 0.4453125  0.44140625
 0.4375     0.43359375 0.4296875  0.42578125 0.421875   0.41796875
 0.4140625  0.41015625 0.40625    0.40234375 0.3984375  0.39453125
 0.390625   0.38671875 0.3828125  0.37890625 0.375      0.37109375
 0.3671875  0.36328125 0.359375   0.35664062 0.35546875 0.3515625
 0.34765625 0.34375    0.33984375 0.3359375  0.33203125 0.328125
 0.32421875 0.3203125  0.31640625 0.3125     0.30859375 0.3046875
 0.30078125 0.296875   0.29296875 0.2890625  0.28515625 0.28125
 0.27734375 0.2734375  0.26953125 0.265625   0.26171875 0.2578125
 0.25390625 0.25       0.24609375 0.2421875  0.23828125 0.234375
 0.23046875 0.2265625  0.22265625 0.21875    0.21484375 0.2109375
 0.20703125 0.203125   0.19921875 0.1953125  0.19140625 0.1875
 0.18359375 0.1796875  0.17578125 0.171875   0.16796875 0.1640625
 0.16015625 0.15625    0.15234375 0.1484375  0.14453125 0.140625
 0.13671875 0.1328125  0.12890625 0.125      0.12109375 0.1171875
 0.11328125 0.109375   0.10546875 0.1015625  0.09765625 0.09375
 0.08984375 0.0859375  0.08203125 0.078125   0.07421875 0.0703125
 0.06640625 0.0625     0.05859375 0.0546875  0.05078125 0.046875
 0.04296875 0.0390625  0.03515625 0.03125    0.02734375 0.0234375
 0.01953125 0.015625   0.01171875 0.0078125  0.00390625 0.        ]
400,[0.00000000e+00 2.66666667e-04 5.00000000e-04 6.86666667e-04
 8.33333333e-04 1.04666667e-03 1.20666667e-03 1.40000000e-03
 1.58666667e-03 1.78666667e-03 1.78666667e-03 1.99333333e-03
 2.20666667e-03 2.48666667e-03 2.77333333e-03 3.00000000e-03
 3.28000000e-03 3.62000000e-03 3.94000000e-03 4.21333333e-03
 4.50666667e-03 4.92666667e-03 5.33333333e-03 5.71333333e-03
 6.15333333e-03 6.60000000e-03 6.88666667e-03 7.35333333e-03
 7.75333333e-03 8.19333333e-03 8.54000000e-03 8.99333333e-03
 9.38666667e-03 9.76666667e-03 1.03400000e-02 1.07933333e-02
 1.12533333e-02 1.17200000e-02 1.22800000e-02 1.28133333e-02
 1.33600000e-02 1.39200000e-02 1.45266667e-02 1.53200000e-02
 1.60333333e-02 1.67533333e-02 1.74866667e-02 1.82666667e-02
 1.90333333e-02 1.97866667e-02 2.04933333e-02 2.12333333e-02
 2.19933333e-02 2.26333333e-02 2.34800000e-02 2.44266667e-02
 2.52933333e-02 2.61866667e-02 2.68866667e-02 2.78933333e-02
 2.87733333e-02 2.98333333e-02 3.09866667e-02 3.20133333e-02
 3.31066667e-02 3.40533333e-02 3.51466667e-02 3.61400000e-02
 3.73000000e-02 3.82266667e-02 3.92800000e-02 4.05000000e-02
 4.16600000e-02 4.27466667e-02 4.38200000e-02 4.49000000e-02
 4.60600000e-02 4.72866667e-02 4.84733333e-02 4.97066667e-02
 5.10066667e-02 5.21866667e-02 5.35266667e-02 5.49866667e-02
 5.63933333e-02 5.76200000e-02 5.89266667e-02 6.04000000e-02
 6.18266667e-02 6.33666667e-02 6.33666667e-02 6.48733333e-02
 6.64266667e-02 6.80466667e-02 6.96266667e-02 7.12200000e-02
 7.29400000e-02 7.46133333e-02 7.63866667e-02 7.83133333e-02
 7.98200000e-02 8.16000000e-02 8.32466667e-02 8.49666667e-02
 8.65733333e-02 8.86000000e-02 9.03933333e-02 9.20333333e-02
 9.38600000e-02 9.57400000e-02 9.77400000e-02 9.96000000e-02
 1.01613333e-01 1.03586667e-01 1.05653333e-01 1.07766667e-01
 1.10020000e-01 1.12000000e-01 1.14186667e-01 1.16553333e-01
 1.18793333e-01 1.21040000e-01 1.23253333e-01 1.25273333e-01
 1.27453333e-01 1.29820000e-01 1.32180000e-01 1.34380000e-01
 1.36740000e-01 1.39193333e-01 1.41393333e-01 1.43820000e-01
 1.46246667e-01 1.48753333e-01 1.51180000e-01 1.53633333e-01
 1.56053333e-01 1.58440000e-01 1.60946667e-01 1.63520000e-01
 1.63520000e-01 1.65953333e-01 1.68440000e-01 1.70993333e-01
 1.73640000e-01 1.76073333e-01 1.78713333e-01 1.81353333e-01
 1.84140000e-01 1.86853333e-01 1.89520000e-01 1.89520000e-01
 1.92160000e-01 1.94953333e-01 1.97733333e-01 2.00420000e-01
 2.03266667e-01 2.05940000e-01 2.08940000e-01 2.11760000e-01
 2.14726667e-01 2.17633333e-01 2.20373333e-01 2.23126667e-01
 2.26140000e-01 2.29226667e-01 2.32200000e-01 2.35320000e-01
 2.38306667e-01 2.41326667e-01 2.44393333e-01 2.47466667e-01
 2.50440000e-01 2.53693333e-01 2.56620000e-01 2.59666667e-01
 2.63013333e-01 2.66033333e-01 2.68813333e-01 2.71766667e-01
 2.74753333e-01 2.77926667e-01 2.81086667e-01 2.84040000e-01
 2.87360000e-01 2.90686667e-01 2.93980000e-01 2.96973333e-01
 2.99993333e-01 3.03166667e-01 3.06240000e-01 3.09526667e-01
 3.12960000e-01 3.16093333e-01 3.19420000e-01 3.22620000e-01
 3.26053333e-01 3.29460000e-01 3.32880000e-01 3.36093333e-01
 3.39086667e-01 3.42173333e-01 3.45593333e-01 3.48753333e-01
 3.52106667e-01 3.55253333e-01 3.58546667e-01 3.61820000e-01
 3.65146667e-01 3.68620000e-01 3.71880000e-01 3.75446667e-01
 3.78780000e-01 3.81900000e-01 3.81906667e-01 3.85246667e-01
 3.88680000e-01 3.91806667e-01 3.95300000e-01 3.98646667e-01
 4.01866667e-01 4.05133333e-01 4.08320000e-01 4.11806667e-01
 4.15086667e-01 4.18546667e-01 4.21873333e-01 4.25126667e-01
 4.28446667e-01 4.31640000e-01 4.34760000e-01 4.38120000e-01
 4.41586667e-01 4.44846667e-01 4.48073333e-01 4.51440000e-01
 4.54653333e-01 4.58180000e-01 4.61860000e-01 4.65253333e-01
 4.68453333e-01 4.71820000e-01 4.75100000e-01 4.78413333e-01
 4.81540000e-01 4.84580000e-01 4.87646667e-01 4.90673333e-01
 4.93980000e-01 4.97160000e-01 5.00473333e-01 5.03613333e-01
 5.06886667e-01 5.10106667e-01 5.13313333e-01 5.16586667e-01
 5.19460000e-01 5.22660000e-01 5.25933333e-01 5.29086667e-01
 5.29086667e-01 5.31973333e-01 5.35040000e-01 5.38373333e-01
 5.41340000e-01 5.44500000e-01 5.47693333e-01 5.50900000e-01
 5.53940000e-01 5.57200000e-01 5.60200000e-01 5.63206667e-01
 5.66380000e-01 5.69433333e-01 5.72220000e-01 5.75433333e-01
 5.78600000e-01 5.81673333e-01 5.84680000e-01 5.87753333e-01
 5.90600000e-01 5.93540000e-01 5.96426667e-01 5.99406667e-01
 6.02366667e-01 6.05266667e-01 6.08260000e-01 6.11260000e-01
 6.14173333e-01 6.17000000e-01 6.20106667e-01 6.22880000e-01
 6.25660000e-01 6.28360000e-01 6.31353333e-01 6.33986667e-01
 6.36786667e-01 6.39733333e-01 6.42580000e-01 6.45333333e-01
 6.48286667e-01 6.51053333e-01 6.53640000e-01 6.56406667e-01
 6.59286667e-01 6.61886667e-01 6.64513333e-01 6.67286667e-01
 6.69926667e-01 6.72646667e-01 6.75180000e-01 6.77860000e-01
 6.80420000e-01 6.83213333e-01 6.85746667e-01 6.88513333e-01
 6.91113333e-01 6.93640000e-01 6.96153333e-01 6.98746667e-01
 7.01293333e-01 7.03793333e-01 7.06246667e-01 7.08826667e-01
 7.11266667e-01 7.13960000e-01 7.16660000e-01 7.19400000e-01
 7.21560000e-01 7.24140000e-01 7.26713333e-01 7.29173333e-01
 7.31980000e-01 7.34426667e-01 7.37133333e-01 7.39320000e-01
 7.41893333e-01 7.44320000e-01 7.46806667e-01 7.48866667e-01
 7.51160000e-01 7.53626667e-01 7.56013333e-01 7.58273333e-01
 7.60666667e-01 7.62926667e-01 7.65306667e-01 7.67473333e-01
 7.69813333e-01 7.71900000e-01 7.74240000e-01 7.76653333e-01
 7.79006667e-01 7.81313333e-01 7.83566667e-01 7.85873333e-01
 7.88133333e-01 7.90433333e-01 7.92753333e-01 7.94920000e-01
 7.96886667e-01 7.99020000e-01 8.01406667e-01 8.03573333e-01
 8.05773333e-01 8.07946667e-01 8.10200000e-01 8.12380000e-01
 8.14446667e-01 8.16886667e-01 8.18946667e-01 8.20920000e-01
 8.22980000e-01 8.25246667e-01 8.27546667e-01 8.29560000e-01
 8.31553333e-01 8.33680000e-01 8.36046667e-01 8.38140000e-01
 8.40453333e-01 8.42373333e-01 8.44520000e-01 8.46660000e-01
 8.48773333e-01 8.50940000e-01 8.53086667e-01 8.55113333e-01
 8.57166667e-01 8.59200000e-01 8.61433333e-01 8.63506667e-01
 8.65646667e-01 8.68093333e-01 8.70313333e-01 8.72533333e-01
 8.74966667e-01 8.77313333e-01 8.79946667e-01 8.82846667e-01
 8.86000000e-01 8.89460000e-01 8.93340000e-01 8.97973333e-01
 9.03800000e-01 9.11946667e-01 9.24720000e-01 1.00000000e+00],[0.         0.00769333 0.01169333 0.01503333 0.01743333 0.02009333
 0.02239333 0.02467333 0.02702    0.02916    0.02916667 0.03148
 0.03350667 0.03542    0.03772    0.03987333 0.04204    0.04418
 0.04636667 0.04878667 0.05069333 0.05282    0.05503333 0.05720667
 0.05933333 0.06156667 0.06381333 0.06618667 0.0685     0.07090667
 0.07325333 0.07578    0.07814667 0.08044667 0.08298    0.08530667
 0.08752667 0.09       0.09239333 0.09498    0.09766667 0.10014
 0.10286    0.10566667 0.10826    0.11104    0.11387333 0.11671333
 0.11949333 0.12229333 0.12507333 0.12812    0.13100667 0.13416
 0.13703333 0.13997333 0.14267333 0.14568    0.14877333 0.15169333
 0.15476    0.15798667 0.16107333 0.16456    0.16777333 0.17087333
 0.17397333 0.17725333 0.18041333 0.18382667 0.18737333 0.19068
 0.19402    0.19749333 0.20079333 0.20431333 0.2077     0.21104
 0.21450667 0.21787333 0.22106    0.22435333 0.22811333 0.23138
 0.23478    0.23818667 0.24208667 0.24564    0.24921333 0.25278667
 0.25279333 0.25661333 0.26036    0.26389333 0.26757333 0.27128667
 0.27512    0.27893333 0.28236    0.28616667 0.28994    0.29386667
 0.29782    0.30171333 0.30567333 0.30942667 0.31324667 0.31714667
 0.32112667 0.32516667 0.3292     0.33328    0.33691333 0.34069333
 0.34462    0.34862    0.35264    0.35666667 0.36087333 0.3649
 0.36898    0.37294    0.37678667 0.38049333 0.38453333 0.38895333
 0.39315333 0.39718    0.40133333 0.40532    0.40929333 0.41331333
 0.41762667 0.42180667 0.42605333 0.43031333 0.43448667 0.43872
 0.44264667 0.44674667 0.44675333 0.45105333 0.45518    0.45954
 0.46379333 0.46795333 0.47206    0.47626    0.48018667 0.48451333
 0.48844    0.48844667 0.49252667 0.49663333 0.501      0.50502667
 0.50932667 0.51340667 0.5172     0.52134667 0.52546667 0.52942
 0.53376    0.53789333 0.54183333 0.5456     0.54959333 0.5536
 0.55779333 0.56197333 0.56609333 0.57028    0.57440667 0.57843333
 0.58241333 0.5863     0.5906     0.59448667 0.59812    0.60195333
 0.60636    0.61026    0.61409333 0.61807333 0.62186    0.62574
 0.62944    0.63326    0.63708    0.64064667 0.64416    0.64778667
 0.65162667 0.65561333 0.6592     0.66262    0.66618667 0.66984
 0.67320667 0.67704667 0.6805     0.68432    0.68778667 0.69144667
 0.69453333 0.69786667 0.70128667 0.7048     0.70822    0.71164
 0.71494667 0.71816    0.72144    0.72514667 0.72514667 0.72825333
 0.73134    0.73483333 0.73826    0.7413     0.74446667 0.74754
 0.75054    0.75358667 0.75674667 0.76       0.76298667 0.76612
 0.76891333 0.77191333 0.77489333 0.77806    0.78104    0.78386667
 0.7869     0.79019333 0.79314    0.79570667 0.79837333 0.80106
 0.80388    0.80652667 0.80938    0.81220667 0.81482    0.81782667
 0.82042    0.82287333 0.82531333 0.82778    0.83054    0.83326
 0.83601333 0.83868    0.84134    0.84387333 0.84622    0.84888
 0.85104667 0.8535     0.85350667 0.85591333 0.85822    0.8605
 0.86265333 0.86516667 0.8674     0.86949333 0.87153333 0.87328667
 0.87574667 0.87797333 0.88018    0.88228667 0.8845     0.88658667
 0.88855333 0.8905     0.89240667 0.89422667 0.89601333 0.89808667
 0.90004667 0.90186667 0.90363333 0.90563333 0.90766667 0.90950667
 0.91124667 0.91305333 0.91480667 0.91626667 0.91794    0.91965333
 0.92138667 0.92302    0.92460667 0.92628    0.92788    0.92948
 0.93090667 0.93249333 0.93401333 0.93541333 0.93680667 0.93818667
 0.93952667 0.94093333 0.94228667 0.94369333 0.94499333 0.94632
 0.94758    0.94874    0.95006667 0.95130667 0.95241333 0.95365333
 0.95475333 0.95587333 0.95702    0.95816667 0.95928    0.96037333
 0.96136    0.96228    0.96336    0.9642     0.96514    0.96596
 0.96691333 0.96775333 0.96865333 0.96954    0.97038    0.97112
 0.97192667 0.97278    0.97354667 0.97421333 0.97495333 0.97566667
 0.97639333 0.97713333 0.97772667 0.97832667 0.97895333 0.9797
 0.9803     0.98094    0.98147333 0.98217333 0.98272    0.98328
 0.98385333 0.98436    0.98494667 0.98548667 0.98598    0.98653333
 0.98706    0.98756    0.98811333 0.98863333 0.98908667 0.98952
 0.98996    0.99044    0.99081333 0.99126667 0.99166    0.992
 0.99235333 0.99263333 0.99298667 0.99338667 0.99368    0.99389333
 0.99422667 0.99456667 0.99486    0.99517333 0.99546667 0.99572
 0.99598667 0.9962     0.9965     0.99677333 0.99702667 0.99722667
 0.99743333 0.9976     0.99786    0.99808667 0.99823333 0.99842
 0.99856    0.99866    0.9988     0.99892667 0.99903333 0.99917333
 0.99929333 0.99945333 0.99953333 0.99968667 0.99984667 1.        ],[2.         1.         0.9975     0.995      0.9925     0.99
 0.9875     0.985      0.9825     0.98       0.97833333 0.9775
 0.975      0.9725     0.97       0.9675     0.965      0.9625
 0.96       0.9575     0.955      0.9525     0.95       0.9475
 0.945      0.9425     0.94       0.9375     0.935      0.9325
 0.93       0.9275     0.925      0.9225     0.92       0.9175
 0.915      0.9125     0.91       0.9075     0.905      0.9025
 0.9        0.8975     0.895      0.8925     0.89       0.8875
 0.885      0.8825     0.88       0.8775     0.875      0.8725
 0.87       0.8675     0.865      0.8625     0.86       0.8575
 0.855      0.8525     0.85       0.8475     0.845      0.8425
 0.84       0.8375     0.835      0.8325     0.83       0.8275
 0.825      0.8225     0.82       0.8175     0.815      0.8125
 0.81       0.8075     0.805      0.8025     0.8        0.7975
 0.795      0.7925     0.79       0.7875     0.785      0.7825
 0.78166667 0.78       0.7775     0.775      0.7725     0.77
 0.7675     0.765      0.7625     0.76       0.7575     0.755
 0.7525     0.75       0.7475     0.745      0.7425     0.74
 0.7375     0.735      0.7325     0.73       0.7275     0.725
 0.7225     0.72       0.7175     0.715      0.7125     0.71
 0.7075     0.705      0.7025     0.7        0.6975     0.695
 0.6925     0.69       0.6875     0.685      0.6825     0.68
 0.6775     0.675      0.6725     0.67       0.6675     0.665
 0.6625     0.66       0.659      0.6575     0.655      0.6525
 0.65       0.6475     0.645      0.6425     0.64       0.6375
 0.635      0.634      0.6325     0.63       0.6275     0.625
 0.6225     0.62       0.6175     0.615      0.6125     0.61
 0.6075     0.605      0.6025     0.6        0.5975     0.595
 0.5925     0.59       0.5875     0.585      0.5825     0.58
 0.5775     0.575      0.5725     0.57       0.5675     0.565
 0.5625     0.56       0.5575     0.555      0.5525     0.55
 0.5475     0.545      0.5425     0.54       0.5375     0.535
 0.5325     0.53       0.5275     0.525      0.5225     0.52
 0.5175     0.515      0.5125     0.51       0.5075     0.505
 0.5025     0.5        0.4975     0.495      0.4925     0.49
 0.4875     0.485      0.4825     0.48       0.4795     0.4775
 0.475      0.4725     0.47       0.4675     0.465      0.4625
 0.46       0.4575     0.455      0.4525     0.45       0.4475
 0.445      0.4425     0.44       0.4375     0.435      0.4325
 0.43       0.4275     0.425      0.4225     0.42       0.4175
 0.415      0.4125     0.41       0.4075     0.405      0.4025
 0.4        0.3975     0.395      0.3925     0.39       0.3875
 0.385      0.3825     0.38       0.3775     0.375      0.3725
 0.37       0.3675     0.36575    0.365      0.3625     0.36
 0.3575     0.355      0.3525     0.35       0.3475     0.345
 0.3425     0.34       0.3375     0.335      0.3325     0.33
 0.3275     0.325      0.3225     0.32       0.3175     0.315
 0.3125     0.31       0.3075     0.305      0.3025     0.3
 0.2975     0.295      0.2925     0.29       0.2875     0.285
 0.2825     0.28       0.2775     0.275      0.2725     0.27
 0.2675     0.265      0.2625     0.26       0.2575     0.255
 0.2525     0.25       0.2475     0.245      0.2425     0.24
 0.2375     0.235      0.2325     0.23       0.2275     0.225
 0.2225     0.22       0.2175     0.215      0.2125     0.21
 0.2075     0.205      0.2025     0.2        0.1975     0.195
 0.1925     0.19       0.1875     0.185      0.1825     0.18
 0.1775     0.175      0.1725     0.17       0.1675     0.165
 0.1625     0.16       0.1575     0.155      0.1525     0.15
 0.1475     0.145      0.1425     0.14       0.1375     0.135
 0.1325     0.13       0.1275     0.125      0.1225     0.12
 0.1175     0.115      0.1125     0.11       0.1075     0.105
 0.1025     0.1        0.0975     0.095      0.0925     0.09
 0.0875     0.085      0.0825     0.08       0.0775     0.075
 0.0725     0.07       0.0675     0.065      0.0625     0.06
 0.0575     0.055      0.0525     0.05       0.0475     0.045
 0.0425     0.04       0.0375     0.035      0.0325     0.03
 0.0275     0.025      0.0225     0.02       0.0175     0.015
 0.0125     0.01       0.0075     0.005      0.0025     0.        ]
576,[0.00000000e+00 2.26666667e-04 3.73333333e-04 4.86666667e-04
 6.33333333e-04 7.60000000e-04 8.66666667e-04 9.86666667e-04
 1.11333333e-03 1.29333333e-03 1.40666667e-03 1.54000000e-03
 1.70666667e-03 1.82000000e-03 1.82000000e-03 1.99333333e-03
 2.17333333e-03 2.32666667e-03 2.50666667e-03 2.66666667e-03
 2.76666667e-03 2.96000000e-03 3.18666667e-03 3.42000000e-03
 3.55333333e-03 3.75333333e-03 3.91333333e-03 4.13333333e-03
 4.40666667e-03 4.64000000e-03 4.92000000e-03 5.25333333e-03
 5.50666667e-03 5.76666667e-03 6.03333333e-03 6.34000000e-03
 6.56666667e-03 6.78000000e-03 7.08666667e-03 7.34666667e-03
 7.60000000e-03 7.90000000e-03 8.16666667e-03 8.49333333e-03
 8.82000000e-03 9.13333333e-03 9.48000000e-03 9.73333333e-03
 1.00866667e-02 1.00866667e-02 1.04466667e-02 1.07933333e-02
 1.11866667e-02 1.14666667e-02 1.17466667e-02 1.21466667e-02
 1.24733333e-02 1.28133333e-02 1.32200000e-02 1.36133333e-02
 1.40333333e-02 1.44800000e-02 1.49866667e-02 1.54800000e-02
 1.59733333e-02 1.64666667e-02 1.70200000e-02 1.75066667e-02
 1.79333333e-02 1.84400000e-02 1.89466667e-02 1.94266667e-02
 1.98800000e-02 2.03800000e-02 2.08933333e-02 2.14866667e-02
 2.21333333e-02 2.27266667e-02 2.32800000e-02 2.38933333e-02
 2.45000000e-02 2.50066667e-02 2.57000000e-02 2.62666667e-02
 2.68466667e-02 2.75133333e-02 2.81533333e-02 2.88866667e-02
 2.96466667e-02 3.04666667e-02 3.10333333e-02 3.17533333e-02
 3.23800000e-02 3.31400000e-02 3.38200000e-02 3.45666667e-02
 3.52866667e-02 3.59133333e-02 3.66466667e-02 3.74666667e-02
 3.81133333e-02 3.88200000e-02 3.95133333e-02 4.02866667e-02
 4.11266667e-02 4.18800000e-02 4.26800000e-02 4.35533333e-02
 4.43733333e-02 4.52066667e-02 4.59866667e-02 4.68600000e-02
 4.76866667e-02 4.85400000e-02 4.94533333e-02 5.03200000e-02
 5.13200000e-02 5.21933333e-02 5.30400000e-02 5.38600000e-02
 5.48666667e-02 5.57666667e-02 5.66066667e-02 5.77400000e-02
 5.87066667e-02 5.95666667e-02 6.05266667e-02 6.14533333e-02
 6.24800000e-02 6.36400000e-02 6.47066667e-02 6.57733333e-02
 6.69400000e-02 6.79733333e-02 6.91533333e-02 7.01733333e-02
 7.13800000e-02 7.25066667e-02 7.25066667e-02 7.36200000e-02
 7.47133333e-02 7.58866667e-02 7.70200000e-02 7.81800000e-02
 7.94266667e-02 8.06066667e-02 8.17133333e-02 8.31133333e-02
 8.42800000e-02 8.55733333e-02 8.68600000e-02 8.80933333e-02
 8.95400000e-02 9.09400000e-02 9.21800000e-02 9.32666667e-02
 9.44866667e-02 9.57333333e-02 9.69600000e-02 9.82600000e-02
 9.96133333e-02 1.01120000e-01 1.02533333e-01 1.03840000e-01
 1.05153333e-01 1.06693333e-01 1.08153333e-01 1.09806667e-01
 1.11340000e-01 1.12646667e-01 1.14113333e-01 1.15646667e-01
 1.17040000e-01 1.18653333e-01 1.20153333e-01 1.21633333e-01
 1.23066667e-01 1.24820000e-01 1.26380000e-01 1.27866667e-01
 1.29440000e-01 1.31146667e-01 1.32833333e-01 1.34266667e-01
 1.35920000e-01 1.37606667e-01 1.39140000e-01 1.40920000e-01
 1.42586667e-01 1.44280000e-01 1.45933333e-01 1.47600000e-01
 1.49180000e-01 1.50833333e-01 1.50833333e-01 1.52486667e-01
 1.54080000e-01 1.55753333e-01 1.57533333e-01 1.59220000e-01
 1.61013333e-01 1.63086667e-01 1.64893333e-01 1.66580000e-01
 1.68226667e-01 1.69980000e-01 1.71806667e-01 1.73640000e-01
 1.75333333e-01 1.77146667e-01 1.78786667e-01 1.80600000e-01
 1.80600000e-01 1.82480000e-01 1.84373333e-01 1.86266667e-01
 1.88186667e-01 1.90020000e-01 1.91946667e-01 1.93926667e-01
 1.95786667e-01 1.97580000e-01 1.99566667e-01 2.01426667e-01
 2.03726667e-01 2.05833333e-01 2.07766667e-01 2.09726667e-01
 2.11573333e-01 2.13646667e-01 2.15606667e-01 2.17560000e-01
 2.19493333e-01 2.21653333e-01 2.23506667e-01 2.25540000e-01
 2.27853333e-01 2.30100000e-01 2.32313333e-01 2.34593333e-01
 2.36506667e-01 2.38653333e-01 2.40773333e-01 2.42920000e-01
 2.44980000e-01 2.47240000e-01 2.49353333e-01 2.51466667e-01
 2.53793333e-01 2.55813333e-01 2.57740000e-01 2.59806667e-01
 2.62000000e-01 2.63973333e-01 2.65933333e-01 2.67886667e-01
 2.69913333e-01 2.72113333e-01 2.74086667e-01 2.76053333e-01
 2.78240000e-01 2.80320000e-01 2.82380000e-01 2.84693333e-01
 2.87113333e-01 2.89486667e-01 2.91480000e-01 2.93540000e-01
 2.95993333e-01 2.98266667e-01 3.00473333e-01 3.02600000e-01
 3.04726667e-01 3.07220000e-01 3.09506667e-01 3.11893333e-01
 3.14146667e-01 3.16626667e-01 3.18953333e-01 3.21306667e-01
 3.23573333e-01 3.25866667e-01 3.28093333e-01 3.30286667e-01
 3.32526667e-01 3.34766667e-01 3.36886667e-01 3.38973333e-01
 3.41220000e-01 3.43806667e-01 3.46100000e-01 3.48346667e-01
 3.50473333e-01 3.52706667e-01 3.54846667e-01 3.57246667e-01
 3.59506667e-01 3.61953333e-01 3.64400000e-01 3.66620000e-01
 3.69033333e-01 3.71366667e-01 3.73613333e-01 3.75666667e-01
 3.77900000e-01 3.80273333e-01 3.80280000e-01 3.82586667e-01
 3.84886667e-01 3.87286667e-01 3.89366667e-01 3.91760000e-01
 3.94266667e-01 3.96806667e-01 3.99033333e-01 4.01560000e-01
 4.03813333e-01 4.05980000e-01 4.08226667e-01 4.10440000e-01
 4.12900000e-01 4.15353333e-01 4.17740000e-01 4.19820000e-01
 4.22246667e-01 4.24680000e-01 4.27073333e-01 4.29393333e-01
 4.31600000e-01 4.33686667e-01 4.36186667e-01 4.38500000e-01
 4.40853333e-01 4.43100000e-01 4.45500000e-01 4.47833333e-01
 4.50060000e-01 4.52180000e-01 4.54413333e-01 4.56900000e-01
 4.59160000e-01 4.61273333e-01 4.63660000e-01 4.65746667e-01
 4.68013333e-01 4.70373333e-01 4.72573333e-01 4.75073333e-01
 4.77580000e-01 4.79560000e-01 4.81820000e-01 4.84013333e-01
 4.86446667e-01 4.88553333e-01 4.90900000e-01 4.93200000e-01
 4.95240000e-01 4.97540000e-01 4.99573333e-01 5.01746667e-01
 5.03766667e-01 5.06173333e-01 5.08420000e-01 5.10453333e-01
 5.12533333e-01 5.14840000e-01 5.17160000e-01 5.19466667e-01
 5.21660000e-01 5.23733333e-01 5.23733333e-01 5.25773333e-01
 5.27780000e-01 5.30020000e-01 5.32113333e-01 5.34460000e-01
 5.36640000e-01 5.38860000e-01 5.41006667e-01 5.43200000e-01
 5.45160000e-01 5.47393333e-01 5.49440000e-01 5.51693333e-01
 5.53766667e-01 5.55920000e-01 5.58126667e-01 5.60406667e-01
 5.62580000e-01 5.64806667e-01 5.66893333e-01 5.68873333e-01
 5.70946667e-01 5.73213333e-01 5.75393333e-01 5.77686667e-01
 5.79826667e-01 5.81926667e-01 5.84073333e-01 5.85966667e-01
 5.87953333e-01 5.90226667e-01 5.92146667e-01 5.94253333e-01
 5.96433333e-01 5.98300000e-01 6.00160000e-01 6.02306667e-01
 6.04546667e-01 6.06473333e-01 6.08526667e-01 6.10746667e-01
 6.12833333e-01 6.14946667e-01 6.17066667e-01 6.18880000e-01
 6.20800000e-01 6.22840000e-01 6.24773333e-01 6.26800000e-01
 6.28846667e-01 6.30573333e-01 6.32413333e-01 6.34466667e-01
 6.36346667e-01 6.38306667e-01 6.40266667e-01 6.42360000e-01
 6.44393333e-01 6.46213333e-01 6.48120000e-01 6.50033333e-01
 6.51900000e-01 6.54113333e-01 6.55766667e-01 6.57660000e-01
 6.59760000e-01 6.61473333e-01 6.63400000e-01 6.65433333e-01
 6.67313333e-01 6.69186667e-01 6.70913333e-01 6.72726667e-01
 6.74566667e-01 6.76320000e-01 6.78226667e-01 6.79946667e-01
 6.81726667e-01 6.83540000e-01 6.85393333e-01 6.87280000e-01
 6.89040000e-01 6.91220000e-01 6.93080000e-01 6.94793333e-01
 6.96366667e-01 6.98240000e-01 6.99906667e-01 7.01513333e-01
 7.03253333e-01 7.04833333e-01 7.06766667e-01 7.08580000e-01
 7.10480000e-01 7.12326667e-01 7.14073333e-01 7.15760000e-01
 7.17573333e-01 7.19313333e-01 7.21200000e-01 7.23040000e-01
 7.24966667e-01 7.26800000e-01 7.28360000e-01 7.30106667e-01
 7.31840000e-01 7.33686667e-01 7.35420000e-01 7.37060000e-01
 7.38913333e-01 7.40800000e-01 7.42660000e-01 7.44226667e-01
 7.45880000e-01 7.47520000e-01 7.49013333e-01 7.50580000e-01
 7.52193333e-01 7.53793333e-01 7.55326667e-01 7.56906667e-01
 7.58446667e-01 7.59993333e-01 7.61553333e-01 7.63213333e-01
 7.64713333e-01 7.66386667e-01 7.67940000e-01 7.69553333e-01
 7.71180000e-01 7.72820000e-01 7.74353333e-01 7.75946667e-01
 7.77580000e-01 7.79086667e-01 7.80733333e-01 7.82353333e-01
 7.83906667e-01 7.85533333e-01 7.87260000e-01 7.88760000e-01
 7.90353333e-01 7.91953333e-01 7.93533333e-01 7.95120000e-01
 7.96660000e-01 7.98133333e-01 7.99666667e-01 8.01106667e-01
 8.02793333e-01 8.04340000e-01 8.05820000e-01 8.07213333e-01
 8.08693333e-01 8.10113333e-01 8.11693333e-01 8.12986667e-01
 8.14420000e-01 8.16073333e-01 8.17673333e-01 8.19160000e-01
 8.20546667e-01 8.22120000e-01 8.23600000e-01 8.25066667e-01
 8.26680000e-01 8.28233333e-01 8.29740000e-01 8.31233333e-01
 8.32700000e-01 8.34180000e-01 8.35573333e-01 8.37153333e-01
 8.38633333e-01 8.40033333e-01 8.41326667e-01 8.42773333e-01
 8.44353333e-01 8.45826667e-01 8.47380000e-01 8.48920000e-01
 8.50306667e-01 8.51686667e-01 8.53160000e-01 8.54506667e-01
 8.56126667e-01 8.57593333e-01 8.59186667e-01 8.60586667e-01
 8.62013333e-01 8.63460000e-01 8.64946667e-01 8.66553333e-01
 8.68160000e-01 8.69646667e-01 8.71220000e-01 8.72900000e-01
 8.74453333e-01 8.76293333e-01 8.78026667e-01 8.80053333e-01
 8.81913333e-01 8.83706667e-01 8.85866667e-01 8.88260000e-01
 8.90706667e-01 8.93486667e-01 8.96413333e-01 9.00160000e-01
 9.04526667e-01 9.09846667e-01 9.17280000e-01 9.28926667e-01
 1.00000000e+00],[0.         0.00645333 0.00962    0.01207333 0.01437333 0.01621333
 0.01791333 0.01964667 0.0214     0.02294667 0.02466    0.02624
 0.02762667 0.02928667 0.02929333 0.0308     0.03232667 0.03384
 0.03533333 0.03690667 0.03828    0.03974    0.04108    0.04262667
 0.04403333 0.04556    0.0471     0.04859333 0.05021333 0.0518
 0.05321333 0.05461333 0.05604667 0.05767333 0.0591     0.06031333
 0.06196667 0.0636     0.06534667 0.06691333 0.06846    0.06996667
 0.07166667 0.07341333 0.07518667 0.07676    0.07848667 0.08026667
 0.08181333 0.08182    0.08369333 0.08532    0.08696    0.08883333
 0.09038    0.09206667 0.09377333 0.09558667 0.09712667 0.09888667
 0.10069333 0.10252667 0.10464    0.10662667 0.10863333 0.11045333
 0.11244667 0.1143     0.11608667 0.11807333 0.12004    0.12199333
 0.124      0.12596    0.12815333 0.13016667 0.13216    0.13417333
 0.13611333 0.13814667 0.14022667 0.14237333 0.14451333 0.14668667
 0.14887333 0.15103333 0.15306667 0.15526    0.15737333 0.15961333
 0.16154    0.16374667 0.16602    0.16803333 0.17032667 0.17264
 0.17495333 0.17729333 0.17957333 0.1817     0.18420667 0.18650667
 0.18878667 0.19124    0.19342    0.19582667 0.19814    0.20039333
 0.20276667 0.20513333 0.20730667 0.20987333 0.21232667 0.21454667
 0.21692667 0.21920667 0.22182    0.22410667 0.2265     0.22895333
 0.2315     0.23375333 0.23624    0.23878    0.24127333 0.24376667
 0.2461     0.24874    0.25131333 0.25398    0.25651333 0.2591
 0.26174667 0.26423333 0.26684667 0.26925333 0.27175333 0.27424667
 0.27425333 0.27688667 0.27943333 0.28196667 0.28456667 0.28717333
 0.2897     0.29246667 0.29501333 0.29767333 0.30026    0.30287333
 0.30545333 0.30828667 0.31113333 0.31361333 0.31631333 0.31901333
 0.3218     0.32435333 0.3271     0.32996667 0.33294    0.33582667
 0.33874667 0.34155333 0.34446667 0.34744    0.34998    0.35280667
 0.35528667 0.35797333 0.3608     0.36331333 0.36603333 0.36882
 0.37156    0.37438    0.37719333 0.37995333 0.38261333 0.38554667
 0.38858    0.39152667 0.39440667 0.39728    0.40038667 0.40306
 0.40617333 0.40891333 0.41171333 0.41432667 0.41761333 0.42042667
 0.42327333 0.42638667 0.42639333 0.42931333 0.4322     0.43509333
 0.43789333 0.44072667 0.44372667 0.44679333 0.44980667 0.45259333
 0.4555     0.45853333 0.46146    0.46436    0.46724    0.46992
 0.47276    0.47588667 0.47589333 0.4786     0.48140667 0.48428
 0.48717333 0.48995333 0.49272667 0.49556    0.49837333 0.50146
 0.50442667 0.50744667 0.51014    0.51278    0.51567333 0.51853333
 0.52127333 0.52410667 0.52713333 0.53010667 0.53302    0.53575333
 0.53861333 0.54152    0.54436    0.54706667 0.54975333 0.55264667
 0.5554     0.55830667 0.56118    0.56373333 0.56661333 0.56948667
 0.57224667 0.57533333 0.57821333 0.58102    0.58376    0.58650667
 0.58936667 0.59206    0.59462    0.59728667 0.60034667 0.60327333
 0.60611333 0.60884    0.61140667 0.61407333 0.61687333 0.61947333
 0.62235333 0.62496667 0.62723333 0.62990667 0.63233333 0.63497333
 0.63750667 0.63998    0.64288    0.64546667 0.64775333 0.65041333
 0.65294    0.65554667 0.65809333 0.66066667 0.66336    0.66604667
 0.66861333 0.67128667 0.67368667 0.67615333 0.67839333 0.68098
 0.68344667 0.6859     0.6885     0.69105333 0.69341333 0.69608
 0.69846667 0.70080667 0.70299333 0.70538    0.70768    0.71013333
 0.71252    0.71470667 0.71702667 0.71916    0.72128667 0.72354667
 0.72354667 0.7257     0.72777333 0.72986667 0.73209333 0.73446
 0.73694    0.73928667 0.74133333 0.7437     0.74571333 0.74801333
 0.75043333 0.75250667 0.7547     0.75681333 0.75900667 0.76106667
 0.7631     0.76532667 0.76768667 0.76978667 0.77180667 0.77388667
 0.77601333 0.77809333 0.78021333 0.78233333 0.78431333 0.78638
 0.78844    0.79029333 0.79247333 0.79445333 0.79645333 0.79849333
 0.80046667 0.80234    0.80441333 0.80632667 0.80802    0.80984
 0.81173333 0.8136     0.81554    0.81733333 0.81906667 0.82089333
 0.82296    0.82482    0.82670667 0.82850667 0.83032    0.83237333
 0.83411333 0.83603333 0.83786667 0.83985333 0.84148667 0.84336667
 0.84502    0.84679333 0.84836667 0.85008    0.85008667 0.85192
 0.85334667 0.85489333 0.85663333 0.85822667 0.85978    0.86118667
 0.86281333 0.86442667 0.86595333 0.86754    0.86915333 0.87074667
 0.87211333 0.87371333 0.87515333 0.87650667 0.87806    0.87949333
 0.88103333 0.88230667 0.88374667 0.88502667 0.88649333 0.88797333
 0.8894     0.89086667 0.89220667 0.89348667 0.89482    0.89636667
 0.89768    0.89903333 0.9003     0.90166667 0.90295333 0.90419333
 0.9055     0.90699333 0.90816667 0.90950667 0.91084667 0.91206667
 0.91328    0.91436    0.9155     0.91674667 0.91782    0.91899333
 0.92000667 0.92123333 0.92242667 0.92363333 0.92488    0.92617333
 0.92724    0.92815333 0.92922    0.93022667 0.93132    0.93227333
 0.93351333 0.93462    0.93548    0.93645333 0.93733333 0.93832667
 0.93924667 0.94012    0.94104    0.94203333 0.9431     0.94400667
 0.94497333 0.94588667 0.94680667 0.94776    0.94848667 0.9492
 0.9501     0.95092    0.95184667 0.95264667 0.95346    0.95424
 0.95504667 0.95590667 0.95667333 0.95746    0.95826    0.95898
 0.95975333 0.96041333 0.96114667 0.96184667 0.96240667 0.96304
 0.96380667 0.9645     0.96524    0.96576    0.96638    0.96696
 0.96751333 0.96816667 0.96888667 0.96942    0.96992    0.97048667
 0.97104667 0.97158667 0.97214    0.97262    0.97312    0.9736
 0.97408    0.97468667 0.97523333 0.97574667 0.97621333 0.97675333
 0.97727333 0.97776667 0.97826    0.97878    0.97918    0.97960667
 0.98000667 0.98045333 0.98087333 0.98133333 0.98171333 0.98204667
 0.98248    0.98288    0.98324667 0.98355333 0.98394    0.98434
 0.98477333 0.98520667 0.98554    0.98588667 0.98626    0.98666
 0.98706    0.98746    0.9878     0.98810667 0.98842667 0.98872
 0.98909333 0.98944667 0.98977333 0.99008667 0.99037333 0.99072667
 0.99096    0.99115333 0.99141333 0.99170667 0.99194    0.99215333
 0.99239333 0.99264667 0.99286    0.99308667 0.99336    0.9936
 0.99378667 0.99402667 0.99418    0.9944     0.99457333 0.99484667
 0.99503333 0.99529333 0.9955     0.99568    0.99585333 0.99598
 0.99618667 0.99638    0.99654    0.99674    0.99692667 0.99708667
 0.99725333 0.99734667 0.99750667 0.99764    0.99781333 0.99798667
 0.99809333 0.99821333 0.9983     0.99836667 0.99846667 0.99855333
 0.99868667 0.99882667 0.99891333 0.99898667 0.99908667 0.99918
 0.99924    0.99929333 0.99939333 0.99949333 0.99958667 0.99968667
 0.99978667 0.99988667 1.        ],[2.00000000e+00 1.00000000e+00 9.98263889e-01 9.96527778e-01
 9.94791667e-01 9.93055556e-01 9.91319444e-01 9.89583333e-01
 9.87847222e-01 9.86111111e-01 9.84375000e-01 9.82638889e-01
 9.80902778e-01 9.79166667e-01 9.78153935e-01 9.77430556e-01
 9.75694444e-01 9.73958333e-01 9.72222222e-01 9.70486111e-01
 9.68750000e-01 9.67013889e-01 9.65277778e-01 9.63541667e-01
 9.61805556e-01 9.60069444e-01 9.58333333e-01 9.56597222e-01
 9.54861111e-01 9.53125000e-01 9.51388889e-01 9.49652778e-01
 9.47916667e-01 9.46180556e-01 9.44444444e-01 9.42708333e-01
 9.40972222e-01 9.39236111e-01 9.37500000e-01 9.35763889e-01
 9.34027778e-01 9.32291667e-01 9.30555556e-01 9.28819444e-01
 9.27083333e-01 9.25347222e-01 9.23611111e-01 9.21875000e-01
 9.20138889e-01 9.18836806e-01 9.18402778e-01 9.16666667e-01
 9.14930556e-01 9.13194444e-01 9.11458333e-01 9.09722222e-01
 9.07986111e-01 9.06250000e-01 9.04513889e-01 9.02777778e-01
 9.01041667e-01 8.99305556e-01 8.97569444e-01 8.95833333e-01
 8.94097222e-01 8.92361111e-01 8.90625000e-01 8.88888889e-01
 8.87152778e-01 8.85416667e-01 8.83680556e-01 8.81944444e-01
 8.80208333e-01 8.78472222e-01 8.76736111e-01 8.75000000e-01
 8.73263889e-01 8.71527778e-01 8.69791667e-01 8.68055556e-01
 8.66319444e-01 8.64583333e-01 8.62847222e-01 8.61111111e-01
 8.59375000e-01 8.57638889e-01 8.55902778e-01 8.54166667e-01
 8.52430556e-01 8.50694444e-01 8.48958333e-01 8.47222222e-01
 8.45486111e-01 8.43750000e-01 8.42013889e-01 8.40277778e-01
 8.38541667e-01 8.36805556e-01 8.35069444e-01 8.33333333e-01
 8.31597222e-01 8.29861111e-01 8.28125000e-01 8.26388889e-01
 8.24652778e-01 8.22916667e-01 8.21180556e-01 8.19444444e-01
 8.17708333e-01 8.15972222e-01 8.14236111e-01 8.12500000e-01
 8.10763889e-01 8.09027778e-01 8.07291667e-01 8.05555556e-01
 8.03819444e-01 8.02083333e-01 8.00347222e-01 7.98611111e-01
 7.96875000e-01 7.95138889e-01 7.93402778e-01 7.91666667e-01
 7.89930556e-01 7.88194444e-01 7.86458333e-01 7.84722222e-01
 7.82986111e-01 7.81250000e-01 7.79513889e-01 7.77777778e-01
 7.76041667e-01 7.74305556e-01 7.72569444e-01 7.70833333e-01
 7.69097222e-01 7.67361111e-01 7.67216435e-01 7.65625000e-01
 7.63888889e-01 7.62152778e-01 7.60416667e-01 7.58680556e-01
 7.56944444e-01 7.55208333e-01 7.53472222e-01 7.51736111e-01
 7.50000000e-01 7.48263889e-01 7.46527778e-01 7.44791667e-01
 7.43055556e-01 7.41319444e-01 7.39583333e-01 7.37847222e-01
 7.36111111e-01 7.34375000e-01 7.32638889e-01 7.30902778e-01
 7.29166667e-01 7.27430556e-01 7.25694444e-01 7.23958333e-01
 7.22222222e-01 7.20486111e-01 7.18750000e-01 7.17013889e-01
 7.15277778e-01 7.13541667e-01 7.11805556e-01 7.10069444e-01
 7.08333333e-01 7.06597222e-01 7.04861111e-01 7.03125000e-01
 7.01388889e-01 6.99652778e-01 6.97916667e-01 6.96180556e-01
 6.94444444e-01 6.92708333e-01 6.90972222e-01 6.89236111e-01
 6.87500000e-01 6.85763889e-01 6.84027778e-01 6.82291667e-01
 6.80555556e-01 6.78819444e-01 6.77083333e-01 6.75347222e-01
 6.73611111e-01 6.71875000e-01 6.71180556e-01 6.70138889e-01
 6.68402778e-01 6.66666667e-01 6.64930556e-01 6.63194444e-01
 6.61458333e-01 6.59722222e-01 6.57986111e-01 6.56250000e-01
 6.54513889e-01 6.52777778e-01 6.51041667e-01 6.49305556e-01
 6.47569444e-01 6.45833333e-01 6.44097222e-01 6.42361111e-01
 6.41666667e-01 6.40625000e-01 6.38888889e-01 6.37152778e-01
 6.35416667e-01 6.33680556e-01 6.31944444e-01 6.30208333e-01
 6.28472222e-01 6.26736111e-01 6.25000000e-01 6.23263889e-01
 6.21527778e-01 6.19791667e-01 6.18055556e-01 6.16319444e-01
 6.14583333e-01 6.12847222e-01 6.11111111e-01 6.09375000e-01
 6.07638889e-01 6.05902778e-01 6.04166667e-01 6.02430556e-01
 6.00694444e-01 5.98958333e-01 5.97222222e-01 5.95486111e-01
 5.93750000e-01 5.92013889e-01 5.90277778e-01 5.88541667e-01
 5.86805556e-01 5.85069444e-01 5.83333333e-01 5.81597222e-01
 5.79861111e-01 5.78125000e-01 5.76388889e-01 5.74652778e-01
 5.72916667e-01 5.71180556e-01 5.69444444e-01 5.67708333e-01
 5.65972222e-01 5.64236111e-01 5.62500000e-01 5.60763889e-01
 5.59027778e-01 5.57291667e-01 5.55555556e-01 5.53819444e-01
 5.52083333e-01 5.50347222e-01 5.48611111e-01 5.46875000e-01
 5.45138889e-01 5.43402778e-01 5.41666667e-01 5.39930556e-01
 5.38194444e-01 5.36458333e-01 5.34722222e-01 5.32986111e-01
 5.31250000e-01 5.29513889e-01 5.27777778e-01 5.26041667e-01
 5.24305556e-01 5.22569444e-01 5.20833333e-01 5.19097222e-01
 5.17361111e-01 5.15625000e-01 5.13888889e-01 5.12152778e-01
 5.10416667e-01 5.08680556e-01 5.06944444e-01 5.05208333e-01
 5.03472222e-01 5.01736111e-01 5.00000000e-01 4.98263889e-01
 4.96527778e-01 4.94791667e-01 4.93055556e-01 4.91319444e-01
 4.89583333e-01 4.87847222e-01 4.86111111e-01 4.84375000e-01
 4.82638889e-01 4.80902778e-01 4.80555556e-01 4.79166667e-01
 4.77430556e-01 4.75694444e-01 4.73958333e-01 4.72222222e-01
 4.70486111e-01 4.68750000e-01 4.67013889e-01 4.65277778e-01
 4.63541667e-01 4.61805556e-01 4.60069444e-01 4.58333333e-01
 4.56597222e-01 4.54861111e-01 4.53125000e-01 4.51388889e-01
 4.49652778e-01 4.47916667e-01 4.46180556e-01 4.44444444e-01
 4.42708333e-01 4.40972222e-01 4.39236111e-01 4.37500000e-01
 4.35763889e-01 4.34027778e-01 4.32291667e-01 4.30555556e-01
 4.28819444e-01 4.27083333e-01 4.25347222e-01 4.23611111e-01
 4.21875000e-01 4.20138889e-01 4.18402778e-01 4.16666667e-01
 4.14930556e-01 4.13194444e-01 4.11458333e-01 4.09722222e-01
 4.07986111e-01 4.06250000e-01 4.04513889e-01 4.02777778e-01
 4.01041667e-01 3.99305556e-01 3.97569444e-01 3.95833333e-01
 3.94097222e-01 3.92361111e-01 3.90625000e-01 3.88888889e-01
 3.87152778e-01 3.85416667e-01 3.83680556e-01 3.81944444e-01
 3.80208333e-01 3.78472222e-01 3.76736111e-01 3.75000000e-01
 3.73263889e-01 3.71527778e-01 3.70312500e-01 3.69791667e-01
 3.68055556e-01 3.66319444e-01 3.64583333e-01 3.62847222e-01
 3.61111111e-01 3.59375000e-01 3.57638889e-01 3.55902778e-01
 3.54166667e-01 3.52430556e-01 3.50694444e-01 3.48958333e-01
 3.47222222e-01 3.45486111e-01 3.43750000e-01 3.42013889e-01
 3.40277778e-01 3.38541667e-01 3.36805556e-01 3.35069444e-01
 3.33333333e-01 3.31597222e-01 3.29861111e-01 3.28125000e-01
 3.26388889e-01 3.24652778e-01 3.22916667e-01 3.21180556e-01
 3.19444444e-01 3.17708333e-01 3.15972222e-01 3.14236111e-01
 3.12500000e-01 3.10763889e-01 3.09027778e-01 3.07291667e-01
 3.05555556e-01 3.03819444e-01 3.02083333e-01 3.00347222e-01
 2.98611111e-01 2.96875000e-01 2.95138889e-01 2.93402778e-01
 2.91666667e-01 2.89930556e-01 2.88194444e-01 2.86458333e-01
 2.84722222e-01 2.82986111e-01 2.81250000e-01 2.79513889e-01
 2.77777778e-01 2.76041667e-01 2.74305556e-01 2.72569444e-01
 2.70833333e-01 2.69097222e-01 2.67361111e-01 2.65625000e-01
 2.63888889e-01 2.62152778e-01 2.60416667e-01 2.58680556e-01
 2.56944444e-01 2.55208333e-01 2.53472222e-01 2.51736111e-01
 2.50000000e-01 2.48263889e-01 2.46527778e-01 2.44791667e-01
 2.43055556e-01 2.41319444e-01 2.39583333e-01 2.37847222e-01
 2.36111111e-01 2.34375000e-01 2.32638889e-01 2.30902778e-01
 2.29166667e-01 2.27430556e-01 2.25694444e-01 2.23958333e-01
 2.22222222e-01 2.20486111e-01 2.18750000e-01 2.17013889e-01
 2.15277778e-01 2.13541667e-01 2.11805556e-01 2.10069444e-01
 2.08333333e-01 2.06597222e-01 2.04861111e-01 2.03125000e-01
 2.01388889e-01 1.99652778e-01 1.97916667e-01 1.96180556e-01
 1.94444444e-01 1.92708333e-01 1.90972222e-01 1.89236111e-01
 1.87500000e-01 1.85763889e-01 1.84027778e-01 1.82291667e-01
 1.80555556e-01 1.78819444e-01 1.77083333e-01 1.75347222e-01
 1.73611111e-01 1.71875000e-01 1.70138889e-01 1.68402778e-01
 1.66666667e-01 1.64930556e-01 1.63194444e-01 1.61458333e-01
 1.59722222e-01 1.57986111e-01 1.56250000e-01 1.54513889e-01
 1.52777778e-01 1.51041667e-01 1.49305556e-01 1.47569444e-01
 1.45833333e-01 1.44097222e-01 1.42361111e-01 1.40625000e-01
 1.38888889e-01 1.37152778e-01 1.35416667e-01 1.33680556e-01
 1.31944444e-01 1.30208333e-01 1.28472222e-01 1.26736111e-01
 1.25000000e-01 1.23263889e-01 1.21527778e-01 1.19791667e-01
 1.18055556e-01 1.16319444e-01 1.14583333e-01 1.12847222e-01
 1.11111111e-01 1.09375000e-01 1.07638889e-01 1.05902778e-01
 1.04166667e-01 1.02430556e-01 1.00694444e-01 9.89583333e-02
 9.72222222e-02 9.54861111e-02 9.37500000e-02 9.20138889e-02
 9.02777778e-02 8.85416667e-02 8.68055556e-02 8.50694444e-02
 8.33333333e-02 8.15972222e-02 7.98611111e-02 7.81250000e-02
 7.63888889e-02 7.46527778e-02 7.29166667e-02 7.11805556e-02
 6.94444444e-02 6.77083333e-02 6.59722222e-02 6.42361111e-02
 6.25000000e-02 6.07638889e-02 5.90277778e-02 5.72916667e-02
 5.55555556e-02 5.38194444e-02 5.20833333e-02 5.03472222e-02
 4.86111111e-02 4.68750000e-02 4.51388889e-02 4.34027778e-02
 4.16666667e-02 3.99305556e-02 3.81944444e-02 3.64583333e-02
 3.47222222e-02 3.29861111e-02 3.12500000e-02 2.95138889e-02
 2.77777778e-02 2.60416667e-02 2.43055556e-02 2.25694444e-02
 2.08333333e-02 1.90972222e-02 1.73611111e-02 1.56250000e-02
 1.38888889e-02 1.21527778e-02 1.04166667e-02 8.68055556e-03
 6.94444444e-03 5.20833333e-03 3.47222222e-03 1.73611111e-03
 0.00000000e+00]
784,[0.00000000e+00 1.86666667e-04 2.86666667e-04 4.13333333e-04
 5.00000000e-04 5.93333333e-04 6.73333333e-04 7.60000000e-04
 8.33333333e-04 9.40000000e-04 1.02666667e-03 1.12000000e-03
 1.12000000e-03 1.22000000e-03 1.30666667e-03 1.40000000e-03
 1.48666667e-03 1.48666667e-03 1.60000000e-03 1.73333333e-03
 1.81333333e-03 1.93333333e-03 2.04666667e-03 2.18000000e-03
 2.32666667e-03 2.46666667e-03 2.59333333e-03 2.68000000e-03
 2.84666667e-03 2.93333333e-03 3.06666667e-03 3.18666667e-03
 3.30000000e-03 3.41333333e-03 3.55333333e-03 3.71333333e-03
 3.88000000e-03 4.10000000e-03 4.25333333e-03 4.45333333e-03
 4.70666667e-03 4.83333333e-03 4.97333333e-03 5.15333333e-03
 5.32666667e-03 5.48666667e-03 5.74666667e-03 5.96666667e-03
 6.18000000e-03 6.38666667e-03 6.58000000e-03 6.74000000e-03
 6.97333333e-03 7.22000000e-03 7.40666667e-03 7.61333333e-03
 7.81333333e-03 8.08000000e-03 8.26000000e-03 8.46000000e-03
 8.67333333e-03 8.85333333e-03 9.07333333e-03 9.25333333e-03
 9.50000000e-03 9.69333333e-03 1.00266667e-02 1.02866667e-02
 1.05266667e-02 1.07133333e-02 1.09666667e-02 1.12133333e-02
 1.15200000e-02 1.18266667e-02 1.18266667e-02 1.21200000e-02
 1.24066667e-02 1.26866667e-02 1.29666667e-02 1.32600000e-02
 1.35000000e-02 1.37533333e-02 1.40800000e-02 1.44533333e-02
 1.47266667e-02 1.50666667e-02 1.54200000e-02 1.57666667e-02
 1.61200000e-02 1.65333333e-02 1.68666667e-02 1.71333333e-02
 1.74733333e-02 1.78000000e-02 1.83066667e-02 1.86533333e-02
 1.90133333e-02 1.94200000e-02 1.98400000e-02 2.01933333e-02
 2.06000000e-02 2.09933333e-02 2.13533333e-02 2.17200000e-02
 2.21600000e-02 2.25733333e-02 2.30266667e-02 2.35066667e-02
 2.39733333e-02 2.39800000e-02 2.44066667e-02 2.47600000e-02
 2.51866667e-02 2.56333333e-02 2.60866667e-02 2.66400000e-02
 2.70933333e-02 2.75400000e-02 2.79000000e-02 2.84400000e-02
 2.88800000e-02 2.93200000e-02 2.97600000e-02 3.02333333e-02
 3.08133333e-02 3.14200000e-02 3.19600000e-02 3.24333333e-02
 3.30000000e-02 3.34400000e-02 3.39133333e-02 3.44266667e-02
 3.49400000e-02 3.55533333e-02 3.60800000e-02 3.66133333e-02
 3.71533333e-02 3.76800000e-02 3.82666667e-02 3.86933333e-02
 3.92733333e-02 3.98466667e-02 4.04800000e-02 4.10800000e-02
 4.16600000e-02 4.21466667e-02 4.28466667e-02 4.34066667e-02
 4.39533333e-02 4.47000000e-02 4.52600000e-02 4.59133333e-02
 4.65400000e-02 4.71133333e-02 4.76800000e-02 4.83866667e-02
 4.91600000e-02 4.97800000e-02 5.02733333e-02 5.09866667e-02
 5.15666667e-02 5.22266667e-02 5.30133333e-02 5.37000000e-02
 5.43600000e-02 5.50600000e-02 5.57333333e-02 5.64466667e-02
 5.71800000e-02 5.78200000e-02 5.85266667e-02 5.91466667e-02
 5.98533333e-02 6.06533333e-02 6.13666667e-02 6.22333333e-02
 6.28666667e-02 6.37333333e-02 6.45533333e-02 6.52933333e-02
 6.60666667e-02 6.66933333e-02 6.75466667e-02 6.83533333e-02
 6.92733333e-02 7.02133333e-02 7.09666667e-02 7.18400000e-02
 7.27933333e-02 7.36200000e-02 7.43400000e-02 7.52600000e-02
 7.60066667e-02 7.60066667e-02 7.69200000e-02 7.76400000e-02
 7.83933333e-02 7.91400000e-02 7.99866667e-02 8.10200000e-02
 8.20266667e-02 8.28200000e-02 8.36800000e-02 8.45000000e-02
 8.55000000e-02 8.65466667e-02 8.75066667e-02 8.84466667e-02
 8.93600000e-02 9.02333333e-02 9.12000000e-02 9.20466667e-02
 9.30466667e-02 9.38933333e-02 9.48866667e-02 9.59200000e-02
 9.70000000e-02 9.80066667e-02 9.90133333e-02 9.99200000e-02
 1.00820000e-01 1.01833333e-01 1.02913333e-01 1.03846667e-01
 1.04793333e-01 1.05866667e-01 1.07040000e-01 1.07980000e-01
 1.08960000e-01 1.10120000e-01 1.11080000e-01 1.12106667e-01
 1.13253333e-01 1.14600000e-01 1.15613333e-01 1.16760000e-01
 1.17960000e-01 1.19080000e-01 1.20060000e-01 1.21166667e-01
 1.22326667e-01 1.23526667e-01 1.24746667e-01 1.25846667e-01
 1.26900000e-01 1.28100000e-01 1.29260000e-01 1.30400000e-01
 1.31573333e-01 1.32740000e-01 1.34033333e-01 1.34033333e-01
 1.35286667e-01 1.36406667e-01 1.37633333e-01 1.39000000e-01
 1.40320000e-01 1.41526667e-01 1.42780000e-01 1.43786667e-01
 1.45120000e-01 1.46166667e-01 1.47326667e-01 1.48513333e-01
 1.49740000e-01 1.50960000e-01 1.52213333e-01 1.53453333e-01
 1.54800000e-01 1.55986667e-01 1.57520000e-01 1.58880000e-01
 1.59946667e-01 1.61266667e-01 1.62706667e-01 1.63906667e-01
 1.63906667e-01 1.65113333e-01 1.66540000e-01 1.67900000e-01
 1.69293333e-01 1.70453333e-01 1.71773333e-01 1.73126667e-01
 1.74446667e-01 1.75900000e-01 1.77213333e-01 1.78520000e-01
 1.79893333e-01 1.81373333e-01 1.82813333e-01 1.84146667e-01
 1.85406667e-01 1.86840000e-01 1.88173333e-01 1.89406667e-01
 1.90646667e-01 1.92026667e-01 1.93433333e-01 1.94980000e-01
 1.96520000e-01 1.98053333e-01 1.99540000e-01 2.00853333e-01
 2.02280000e-01 2.03693333e-01 2.05033333e-01 2.06453333e-01
 2.07726667e-01 2.09286667e-01 2.10640000e-01 2.12180000e-01
 2.13806667e-01 2.15286667e-01 2.16746667e-01 2.18133333e-01
 2.19586667e-01 2.21173333e-01 2.22813333e-01 2.24453333e-01
 2.26033333e-01 2.27660000e-01 2.29106667e-01 2.30500000e-01
 2.32093333e-01 2.33586667e-01 2.35173333e-01 2.36780000e-01
 2.38353333e-01 2.39986667e-01 2.41613333e-01 2.43240000e-01
 2.44946667e-01 2.46433333e-01 2.47806667e-01 2.47806667e-01
 2.49440000e-01 2.50846667e-01 2.52473333e-01 2.54013333e-01
 2.55626667e-01 2.57160000e-01 2.58706667e-01 2.60420000e-01
 2.61860000e-01 2.63240000e-01 2.64686667e-01 2.66360000e-01
 2.67733333e-01 2.67733333e-01 2.69166667e-01 2.70713333e-01
 2.72346667e-01 2.73940000e-01 2.75553333e-01 2.77013333e-01
 2.78533333e-01 2.80060000e-01 2.81546667e-01 2.83100000e-01
 2.84726667e-01 2.86466667e-01 2.88146667e-01 2.89780000e-01
 2.91406667e-01 2.93060000e-01 2.94440000e-01 2.96013333e-01
 2.97706667e-01 2.99473333e-01 3.01040000e-01 3.02886667e-01
 3.04446667e-01 3.06106667e-01 3.07606667e-01 3.09306667e-01
 3.10826667e-01 3.12446667e-01 3.14240000e-01 3.15753333e-01
 3.17360000e-01 3.19093333e-01 3.20946667e-01 3.22546667e-01
 3.24273333e-01 3.26100000e-01 3.27766667e-01 3.29413333e-01
 3.31240000e-01 3.32906667e-01 3.34666667e-01 3.36406667e-01
 3.38180000e-01 3.39886667e-01 3.41560000e-01 3.43293333e-01
 3.44926667e-01 3.46340000e-01 3.46346667e-01 3.48100000e-01
 3.49886667e-01 3.51380000e-01 3.53093333e-01 3.54826667e-01
 3.56480000e-01 3.58000000e-01 3.58006667e-01 3.59613333e-01
 3.61406667e-01 3.63240000e-01 3.65020000e-01 3.66780000e-01
 3.68333333e-01 3.69960000e-01 3.71620000e-01 3.73266667e-01
 3.75233333e-01 3.76980000e-01 3.78713333e-01 3.80260000e-01
 3.82033333e-01 3.83666667e-01 3.85273333e-01 3.86966667e-01
 3.88793333e-01 3.90346667e-01 3.92153333e-01 3.93926667e-01
 3.95620000e-01 3.97206667e-01 3.98980000e-01 4.00793333e-01
 4.02386667e-01 4.04246667e-01 4.06040000e-01 4.07613333e-01
 4.09333333e-01 4.11033333e-01 4.12813333e-01 4.14546667e-01
 4.16193333e-01 4.17940000e-01 4.19673333e-01 4.21300000e-01
 4.23046667e-01 4.24740000e-01 4.26413333e-01 4.28086667e-01
 4.29766667e-01 4.31546667e-01 4.33200000e-01 4.34806667e-01
 4.36666667e-01 4.38366667e-01 4.40046667e-01 4.41700000e-01
 4.43426667e-01 4.45220000e-01 4.46760000e-01 4.48386667e-01
 4.49906667e-01 4.51760000e-01 4.53453333e-01 4.55253333e-01
 4.56893333e-01 4.58453333e-01 4.60006667e-01 4.61760000e-01
 4.63433333e-01 4.64946667e-01 4.66653333e-01 4.68320000e-01
 4.69933333e-01 4.71726667e-01 4.73326667e-01 4.75053333e-01
 4.76680000e-01 4.78393333e-01 4.80060000e-01 4.81666667e-01
 4.83280000e-01 4.85100000e-01 4.86726667e-01 4.88486667e-01
 4.90200000e-01 4.91786667e-01 4.93353333e-01 4.94946667e-01
 4.96400000e-01 4.98020000e-01 4.99653333e-01 5.01246667e-01
 5.02886667e-01 5.04513333e-01 5.06266667e-01 5.07900000e-01
 5.09513333e-01 5.11006667e-01 5.12753333e-01 5.14213333e-01
 5.15886667e-01 5.17426667e-01 5.19213333e-01 5.20880000e-01
 5.22606667e-01 5.24206667e-01 5.25860000e-01 5.27313333e-01
 5.28893333e-01 5.30446667e-01 5.32066667e-01 5.33653333e-01
 5.35226667e-01 5.35226667e-01 5.36886667e-01 5.38406667e-01
 5.40060000e-01 5.41660000e-01 5.43240000e-01 5.44733333e-01
 5.46386667e-01 5.48013333e-01 5.49680000e-01 5.51233333e-01
 5.52713333e-01 5.54426667e-01 5.55940000e-01 5.57480000e-01
 5.59186667e-01 5.60720000e-01 5.62226667e-01 5.63786667e-01
 5.65306667e-01 5.67186667e-01 5.68760000e-01 5.70280000e-01
 5.71673333e-01 5.73366667e-01 5.74860000e-01 5.76293333e-01
 5.77886667e-01 5.79320000e-01 5.80926667e-01 5.82480000e-01
 5.84120000e-01 5.85726667e-01 5.87373333e-01 5.88953333e-01
 5.90500000e-01 5.92000000e-01 5.93313333e-01 5.94786667e-01
 5.96293333e-01 5.97986667e-01 5.99566667e-01 6.01113333e-01
 6.02606667e-01 6.04173333e-01 6.05680000e-01 6.07080000e-01
 6.08526667e-01 6.10080000e-01 6.11546667e-01 6.13073333e-01
 6.14440000e-01 6.15846667e-01 6.17326667e-01 6.18820000e-01
 6.20173333e-01 6.21873333e-01 6.23466667e-01 6.24913333e-01
 6.26393333e-01 6.27626667e-01 6.29140000e-01 6.30640000e-01
 6.32073333e-01 6.33626667e-01 6.34933333e-01 6.36433333e-01
 6.37853333e-01 6.39186667e-01 6.40520000e-01 6.41880000e-01
 6.43433333e-01 6.44840000e-01 6.46193333e-01 6.47586667e-01
 6.49186667e-01 6.50626667e-01 6.52053333e-01 6.53400000e-01
 6.55133333e-01 6.56426667e-01 6.57713333e-01 6.59100000e-01
 6.60420000e-01 6.61846667e-01 6.63333333e-01 6.64560000e-01
 6.66066667e-01 6.67440000e-01 6.68813333e-01 6.70100000e-01
 6.71480000e-01 6.72713333e-01 6.73966667e-01 6.75486667e-01
 6.76840000e-01 6.78180000e-01 6.79406667e-01 6.80820000e-01
 6.82260000e-01 6.83586667e-01 6.84920000e-01 6.86266667e-01
 6.87513333e-01 6.88880000e-01 6.90106667e-01 6.91513333e-01
 6.92726667e-01 6.94106667e-01 6.95500000e-01 6.96693333e-01
 6.98073333e-01 6.99220000e-01 7.00446667e-01 7.01640000e-01
 7.03040000e-01 7.04513333e-01 7.05893333e-01 7.07140000e-01
 7.08426667e-01 7.09740000e-01 7.11166667e-01 7.12406667e-01
 7.13606667e-01 7.14953333e-01 7.16240000e-01 7.17506667e-01
 7.18866667e-01 7.20186667e-01 7.21726667e-01 7.23146667e-01
 7.24373333e-01 7.25806667e-01 7.27100000e-01 7.28460000e-01
 7.29840000e-01 7.30906667e-01 7.32120000e-01 7.33466667e-01
 7.34940000e-01 7.36106667e-01 7.37273333e-01 7.38446667e-01
 7.39846667e-01 7.40953333e-01 7.42180000e-01 7.43493333e-01
 7.44840000e-01 7.46053333e-01 7.47340000e-01 7.48566667e-01
 7.49820000e-01 7.51053333e-01 7.52193333e-01 7.53413333e-01
 7.54580000e-01 7.55686667e-01 7.56713333e-01 7.57913333e-01
 7.58920000e-01 7.60073333e-01 7.61113333e-01 7.62333333e-01
 7.63740000e-01 7.64893333e-01 7.66073333e-01 7.67153333e-01
 7.68280000e-01 7.69333333e-01 7.70500000e-01 7.71720000e-01
 7.72866667e-01 7.73926667e-01 7.75193333e-01 7.76433333e-01
 7.77473333e-01 7.78780000e-01 7.80046667e-01 7.81286667e-01
 7.82433333e-01 7.83653333e-01 7.84813333e-01 7.86066667e-01
 7.87153333e-01 7.88293333e-01 7.89480000e-01 7.90673333e-01
 7.91826667e-01 7.93033333e-01 7.94200000e-01 7.95393333e-01
 7.96373333e-01 7.97480000e-01 7.98773333e-01 7.99866667e-01
 8.00866667e-01 8.01913333e-01 8.02960000e-01 8.04026667e-01
 8.05106667e-01 8.06293333e-01 8.07286667e-01 8.08266667e-01
 8.09353333e-01 8.10353333e-01 8.11406667e-01 8.12373333e-01
 8.13433333e-01 8.14500000e-01 8.15780000e-01 8.17000000e-01
 8.19373333e-01 8.20486667e-01 8.21560000e-01 8.22606667e-01
 8.23573333e-01 8.24820000e-01 8.25980000e-01 8.27040000e-01
 8.28226667e-01 8.29253333e-01 8.30526667e-01 8.31620000e-01
 8.32773333e-01 8.33860000e-01 8.34893333e-01 8.36033333e-01
 8.37220000e-01 8.39126667e-01 8.40093333e-01 8.41200000e-01
 8.42280000e-01 8.43313333e-01 8.44293333e-01 8.45446667e-01
 8.46700000e-01 8.47906667e-01 8.48853333e-01 8.49786667e-01
 8.50973333e-01 8.51986667e-01 8.53033333e-01 8.54180000e-01
 8.55226667e-01 8.56340000e-01 8.57320000e-01 8.58326667e-01
 8.59333333e-01 8.60366667e-01 8.61566667e-01 8.62626667e-01
 8.63726667e-01 8.64973333e-01 8.66180000e-01 8.67213333e-01
 8.68280000e-01 8.69340000e-01 8.70466667e-01 8.71646667e-01
 8.73093333e-01 8.74226667e-01 8.75493333e-01 8.76853333e-01
 8.78173333e-01 8.79446667e-01 8.80766667e-01 8.82293333e-01
 8.83693333e-01 8.85180000e-01 8.86813333e-01 8.88593333e-01
 8.90446667e-01 8.92246667e-01 8.94180000e-01 8.96373333e-01
 8.98966667e-01 9.01880000e-01 9.05506667e-01 9.09613333e-01
 9.14773333e-01 9.21646667e-01 9.32120000e-01 1.00000000e+00],[0.         0.00551333 0.00816667 0.01034    0.01202    0.01377333
 0.01519333 0.01638    0.01768667 0.01881333 0.02       0.02132667
 0.02133333 0.0226     0.02378    0.02486667 0.02594667 0.02595333
 0.0272     0.02843333 0.02958    0.03061333 0.03172    0.03291333
 0.03403333 0.03502667 0.03604    0.03717333 0.03838    0.03943333
 0.04044    0.04145333 0.04243333 0.04329333 0.04444    0.04558
 0.04656667 0.04774    0.04893333 0.05016    0.05134667 0.0525
 0.05362667 0.05464    0.05574    0.05678667 0.05791333 0.05898667
 0.0601     0.06134    0.06246667 0.06360667 0.06471333 0.06589333
 0.06710667 0.06842667 0.06951333 0.07065333 0.07188    0.07297333
 0.07424    0.07552    0.07668667 0.07802667 0.07943333 0.08065333
 0.08184    0.08301333 0.08421333 0.08540667 0.08666    0.08798667
 0.08919333 0.09074    0.09074667 0.09206    0.09321333 0.0945
 0.09572667 0.09708    0.09834667 0.0998     0.10122667 0.10249333
 0.10387333 0.10506667 0.10645333 0.10777333 0.10911333 0.11061333
 0.11213333 0.11364667 0.11493333 0.11634    0.11776    0.11912
 0.12066667 0.12194667 0.12335333 0.12478667 0.12602667 0.12760667
 0.12896667 0.13072667 0.13230667 0.13393333 0.13548667 0.13694
 0.13845333 0.13845333 0.13999333 0.14155333 0.14311333 0.14451333
 0.14619333 0.14779333 0.14926667 0.15080667 0.15232    0.15396667
 0.15538667 0.15701333 0.15866667 0.16022    0.16182667 0.16342
 0.16514667 0.16658667 0.16818667 0.16996    0.17142667 0.17305333
 0.17472    0.17647333 0.17833333 0.18002    0.18148    0.18319333
 0.18486667 0.18653333 0.18831333 0.19000667 0.19173333 0.19340667
 0.19517333 0.19698667 0.19871333 0.20036667 0.20201333 0.20373333
 0.20556    0.20725333 0.20894667 0.21062    0.21252667 0.21421333
 0.21596667 0.21762667 0.21954    0.22112667 0.22299333 0.22481333
 0.22655333 0.22838667 0.22999333 0.23186667 0.23374667 0.23548667
 0.23740667 0.23915333 0.24093333 0.24270667 0.24474667 0.2468
 0.24864667 0.25040667 0.25231333 0.25427333 0.25612667 0.25804
 0.25994667 0.26169333 0.26344    0.26533333 0.26733333 0.26912
 0.27104667 0.27282    0.27486667 0.27664667 0.27855333 0.28022667
 0.28216    0.28216667 0.284      0.28582667 0.28788    0.28983333
 0.29174667 0.29346    0.29533333 0.2975     0.29924    0.3013
 0.30310667 0.3051     0.30716667 0.30923333 0.31117333 0.31334
 0.31544667 0.31757333 0.31954667 0.32152667 0.32349333 0.32542
 0.32734667 0.32922667 0.33104667 0.33324667 0.33532667 0.33724
 0.33930667 0.34126    0.34341333 0.34570667 0.34778667 0.34970667
 0.35183333 0.35394    0.35576667 0.35777333 0.35992    0.36192
 0.36409333 0.36604667 0.36813333 0.37026667 0.37223333 0.37442
 0.37646    0.37848667 0.3804     0.38259333 0.38458    0.38658667
 0.38876667 0.39094667 0.39291333 0.39511333 0.39710667 0.39711333
 0.39917333 0.4015     0.40366    0.40576    0.40794667 0.41001333
 0.41229333 0.41444    0.41639333 0.41838667 0.42052    0.42268667
 0.42500667 0.42712667 0.42943333 0.43151333 0.43360667 0.43575333
 0.43781333 0.43986    0.44193333 0.44416667 0.44651333 0.44872667
 0.44873333 0.45102    0.45322667 0.45533333 0.4574     0.45944
 0.46163333 0.46366    0.46586    0.46806667 0.47015333 0.47218
 0.47435333 0.4762     0.47873333 0.48048667 0.48284    0.48493333
 0.48731333 0.48947333 0.49142    0.49338    0.49549333 0.49776667
 0.49992667 0.50202    0.50426667 0.50626    0.50848667 0.51046
 0.51234667 0.51417333 0.51638    0.51845333 0.52067333 0.52276
 0.52482667 0.52692    0.52913333 0.53127333 0.53343333 0.53538667
 0.53727333 0.53939333 0.54153333 0.54374    0.54574    0.54776
 0.54979333 0.55184    0.55396667 0.556      0.55785333 0.55986667
 0.56176667 0.56397333 0.56616    0.56816    0.57030667 0.57031333
 0.57234    0.57439333 0.57672667 0.57890667 0.58092667 0.58302
 0.58511333 0.58710667 0.58909333 0.59091333 0.59295333 0.59504
 0.59689333 0.5969     0.59888667 0.60090667 0.60302667 0.60534667
 0.60732    0.60925333 0.61136    0.61344667 0.61543333 0.61751333
 0.61937333 0.62131333 0.62324667 0.62531333 0.62734    0.6291
 0.63088667 0.63283333 0.63466667 0.63645333 0.63834    0.64019333
 0.64192    0.64386667 0.64587333 0.64782    0.64977333 0.65174
 0.65374667 0.65563333 0.65742    0.65938    0.66131333 0.66321333
 0.66506667 0.66698    0.66887333 0.67071333 0.67262667 0.67466667
 0.67649333 0.67840667 0.68035333 0.68224667 0.68393333 0.68563333
 0.68750667 0.68929333 0.68929333 0.69109333 0.69289333 0.69447333
 0.69625333 0.69789333 0.69978    0.70167333 0.70167333 0.70320667
 0.70510667 0.70673333 0.70856667 0.71018    0.7119     0.71363333
 0.71525333 0.71698    0.7187     0.72034667 0.72184    0.72358667
 0.72535333 0.72695333 0.72847333 0.73007333 0.73168667 0.73340667
 0.73498    0.73664    0.73835333 0.73991333 0.74170667 0.74352667
 0.74506    0.74682667 0.74842667 0.74996667 0.75158    0.75308
 0.75468    0.75624667 0.75793333 0.75945333 0.76100667 0.76266
 0.76422    0.76589333 0.76734    0.76884    0.77058667 0.77210667
 0.77389333 0.7753     0.77686    0.77834    0.77994667 0.78138
 0.78286667 0.78448667 0.78591333 0.78738    0.78881333 0.79039333
 0.79172    0.79322667 0.79460667 0.79622    0.79759333 0.79911333
 0.8006     0.80193333 0.80344667 0.80486    0.80627333 0.80758667
 0.80894    0.81026667 0.81186667 0.81322667 0.81460667 0.81596667
 0.81746667 0.81886667 0.82019333 0.82146667 0.82278667 0.82425333
 0.82553333 0.82682    0.82816667 0.82948    0.8307     0.83189333
 0.8334     0.83469333 0.83608    0.83741333 0.8388     0.84004
 0.84138    0.84266    0.84394667 0.84515333 0.84639333 0.84754667
 0.84881333 0.85002667 0.85128667 0.85266    0.85392    0.8551
 0.8564     0.85751333 0.85876    0.85876667 0.85992    0.86125333
 0.86236667 0.86358    0.86473333 0.86604667 0.86713333 0.86836
 0.86936667 0.87031333 0.87155333 0.87266    0.87373333 0.87493333
 0.87610667 0.87721333 0.87824    0.87925333 0.88036667 0.88141333
 0.88242    0.88354    0.88456    0.88558    0.8866     0.88765333
 0.88864    0.88966    0.89064    0.89157333 0.89247333 0.89331333
 0.89443333 0.89543333 0.89655333 0.89761333 0.89865333 0.89974667
 0.90062    0.90166667 0.90266    0.90354667 0.90454    0.90552
 0.90652    0.90752    0.90838    0.90918    0.91005333 0.91096
 0.91174    0.91264667 0.91351333 0.91448667 0.91526    0.91617333
 0.91708    0.9181     0.91893333 0.91971333 0.92056667 0.92142
 0.92226    0.92313333 0.92403333 0.92480667 0.92562667 0.92628667
 0.92703333 0.92783333 0.92863333 0.92947333 0.93028667 0.93108
 0.93168    0.93258667 0.93340667 0.93413333 0.9349     0.93554
 0.93627333 0.93693333 0.93768    0.93852667 0.93934    0.94004667
 0.9407     0.94138667 0.94212667 0.94285333 0.94355333 0.94420667
 0.94499333 0.94568    0.94640667 0.94706    0.94757333 0.94811333
 0.94867333 0.94923333 0.94986667 0.95046    0.95103333 0.95164667
 0.95225333 0.95278667 0.95339333 0.95406667 0.9547     0.95534667
 0.95578    0.95641333 0.95702    0.95770667 0.95827333 0.95878667
 0.95926    0.95979333 0.96025333 0.96075333 0.96130667 0.96189333
 0.96236667 0.96288    0.96331333 0.96380667 0.96428667 0.96480667
 0.96518    0.96561333 0.96611333 0.96654667 0.96704    0.96748
 0.96794667 0.96842    0.96883333 0.96932667 0.96978667 0.97023333
 0.97069333 0.97120667 0.97161333 0.97199333 0.97238667 0.97276
 0.97310667 0.97346667 0.97380667 0.97424    0.97455333 0.97498667
 0.9753     0.97564    0.97594667 0.97635333 0.97666667 0.97698
 0.9774     0.97771333 0.97802    0.97837333 0.97870667 0.97911333
 0.97943333 0.97974667 0.98008    0.98038    0.98067333 0.98098667
 0.98128    0.9816     0.98195333 0.98226667 0.9825     0.98282
 0.98313333 0.9834     0.98365333 0.98394667 0.98423333 0.98456667
 0.98476    0.98501333 0.98528667 0.98558667 0.98595333 0.98618667
 0.98652    0.98678667 0.98705333 0.98733333 0.98763333 0.98783333
 0.98801333 0.98824667 0.98844    0.98876667 0.98904    0.98925333
 0.98952    0.98975333 0.98998    0.9902     0.99045333 0.99062667
 0.99078667 0.99096    0.99114667 0.99130667 0.99164    0.99183333
 0.99202667 0.9922     0.99244    0.99262667 0.99278667 0.99297333
 0.99311333 0.99328    0.99342    0.99360667 0.99374    0.99388
 0.99406667 0.99424667 0.99437333 0.99466667 0.99484    0.99498
 0.99513333 0.99534667 0.99546667 0.99564667 0.99584667 0.99596
 0.99606    0.99622    0.99638667 0.99646667 0.99658667 0.99669333
 0.99681333 0.99696    0.99706    0.99714    0.99724    0.99732
 0.99744    0.99754    0.99762667 0.99776    0.99785333 0.99796
 0.9981     0.99817333 0.99826    0.99833333 0.99838667 0.99846667
 0.99852    0.99861333 0.99871333 0.9988     0.99886    0.99894
 0.999      0.99907333 0.99913333 0.99917333 0.99923333 0.99927333
 0.99932    0.99939333 0.99945333 0.99955333 0.99962    0.99969333
 0.99976667 0.99984667 0.99990667 1.        ],[2.00000000e+00 1.00000000e+00 9.98724490e-01 9.97448980e-01
 9.96173469e-01 9.94897959e-01 9.93622449e-01 9.92346939e-01
 9.91071429e-01 9.89795918e-01 9.88520408e-01 9.87244898e-01
 9.86394558e-01 9.85969388e-01 9.84693878e-01 9.83418367e-01
 9.82142857e-01 9.81823980e-01 9.80867347e-01 9.79591837e-01
 9.78316327e-01 9.77040816e-01 9.75765306e-01 9.74489796e-01
 9.73214286e-01 9.71938776e-01 9.70663265e-01 9.69387755e-01
 9.68112245e-01 9.66836735e-01 9.65561224e-01 9.64285714e-01
 9.63010204e-01 9.61734694e-01 9.60459184e-01 9.59183673e-01
 9.57908163e-01 9.56632653e-01 9.55357143e-01 9.54081633e-01
 9.52806122e-01 9.51530612e-01 9.50255102e-01 9.48979592e-01
 9.47704082e-01 9.46428571e-01 9.45153061e-01 9.43877551e-01
 9.42602041e-01 9.41326531e-01 9.40051020e-01 9.38775510e-01
 9.37500000e-01 9.36224490e-01 9.34948980e-01 9.33673469e-01
 9.32397959e-01 9.31122449e-01 9.29846939e-01 9.28571429e-01
 9.27295918e-01 9.26020408e-01 9.24744898e-01 9.23469388e-01
 9.22193878e-01 9.20918367e-01 9.19642857e-01 9.18367347e-01
 9.17091837e-01 9.15816327e-01 9.14540816e-01 9.13265306e-01
 9.11989796e-01 9.10714286e-01 9.09757653e-01 9.09438776e-01
 9.08163265e-01 9.06887755e-01 9.05612245e-01 9.04336735e-01
 9.03061224e-01 9.01785714e-01 9.00510204e-01 8.99234694e-01
 8.97959184e-01 8.96683673e-01 8.95408163e-01 8.94132653e-01
 8.92857143e-01 8.91581633e-01 8.90306122e-01 8.89030612e-01
 8.87755102e-01 8.86479592e-01 8.85204082e-01 8.83928571e-01
 8.82653061e-01 8.81377551e-01 8.80102041e-01 8.78826531e-01
 8.77551020e-01 8.76275510e-01 8.75000000e-01 8.73724490e-01
 8.72448980e-01 8.71173469e-01 8.69897959e-01 8.68622449e-01
 8.67346939e-01 8.66836735e-01 8.66071429e-01 8.64795918e-01
 8.63520408e-01 8.62244898e-01 8.60969388e-01 8.59693878e-01
 8.58418367e-01 8.57142857e-01 8.55867347e-01 8.54591837e-01
 8.53316327e-01 8.52040816e-01 8.50765306e-01 8.49489796e-01
 8.48214286e-01 8.46938776e-01 8.45663265e-01 8.44387755e-01
 8.43112245e-01 8.41836735e-01 8.40561224e-01 8.39285714e-01
 8.38010204e-01 8.36734694e-01 8.35459184e-01 8.34183673e-01
 8.32908163e-01 8.31632653e-01 8.30357143e-01 8.29081633e-01
 8.27806122e-01 8.26530612e-01 8.25255102e-01 8.23979592e-01
 8.22704082e-01 8.21428571e-01 8.20153061e-01 8.18877551e-01
 8.17602041e-01 8.16326531e-01 8.15051020e-01 8.13775510e-01
 8.12500000e-01 8.11224490e-01 8.09948980e-01 8.08673469e-01
 8.07397959e-01 8.06122449e-01 8.04846939e-01 8.03571429e-01
 8.02295918e-01 8.01020408e-01 7.99744898e-01 7.98469388e-01
 7.97193878e-01 7.95918367e-01 7.94642857e-01 7.93367347e-01
 7.92091837e-01 7.90816327e-01 7.89540816e-01 7.88265306e-01
 7.86989796e-01 7.85714286e-01 7.84438776e-01 7.83163265e-01
 7.81887755e-01 7.80612245e-01 7.79336735e-01 7.78061224e-01
 7.76785714e-01 7.75510204e-01 7.74234694e-01 7.72959184e-01
 7.71683673e-01 7.70408163e-01 7.69132653e-01 7.67857143e-01
 7.66581633e-01 7.65306122e-01 7.64030612e-01 7.62755102e-01
 7.61479592e-01 7.60735544e-01 7.60204082e-01 7.58928571e-01
 7.57653061e-01 7.56377551e-01 7.55102041e-01 7.53826531e-01
 7.52551020e-01 7.51275510e-01 7.50000000e-01 7.48724490e-01
 7.47448980e-01 7.46173469e-01 7.44897959e-01 7.43622449e-01
 7.42346939e-01 7.41071429e-01 7.39795918e-01 7.38520408e-01
 7.37244898e-01 7.35969388e-01 7.34693878e-01 7.33418367e-01
 7.32142857e-01 7.30867347e-01 7.29591837e-01 7.28316327e-01
 7.27040816e-01 7.25765306e-01 7.24489796e-01 7.23214286e-01
 7.21938776e-01 7.20663265e-01 7.19387755e-01 7.18112245e-01
 7.16836735e-01 7.15561224e-01 7.14285714e-01 7.13010204e-01
 7.11734694e-01 7.10459184e-01 7.09183673e-01 7.07908163e-01
 7.06632653e-01 7.05357143e-01 7.04081633e-01 7.02806122e-01
 7.01530612e-01 7.00255102e-01 6.98979592e-01 6.97704082e-01
 6.96428571e-01 6.95153061e-01 6.93877551e-01 6.92602041e-01
 6.91326531e-01 6.90051020e-01 6.88775510e-01 6.88265306e-01
 6.87500000e-01 6.86224490e-01 6.84948980e-01 6.83673469e-01
 6.82397959e-01 6.81122449e-01 6.79846939e-01 6.78571429e-01
 6.77295918e-01 6.76020408e-01 6.74744898e-01 6.73469388e-01
 6.72193878e-01 6.70918367e-01 6.69642857e-01 6.68367347e-01
 6.67091837e-01 6.65816327e-01 6.64540816e-01 6.63265306e-01
 6.61989796e-01 6.60714286e-01 6.59438776e-01 6.58163265e-01
 6.57653061e-01 6.56887755e-01 6.55612245e-01 6.54336735e-01
 6.53061224e-01 6.51785714e-01 6.50510204e-01 6.49234694e-01
 6.47959184e-01 6.46683673e-01 6.45408163e-01 6.44132653e-01
 6.42857143e-01 6.41581633e-01 6.40306122e-01 6.39030612e-01
 6.37755102e-01 6.36479592e-01 6.35204082e-01 6.33928571e-01
 6.32653061e-01 6.31377551e-01 6.30102041e-01 6.28826531e-01
 6.27551020e-01 6.26275510e-01 6.25000000e-01 6.23724490e-01
 6.22448980e-01 6.21173469e-01 6.19897959e-01 6.18622449e-01
 6.17346939e-01 6.16071429e-01 6.14795918e-01 6.13520408e-01
 6.12244898e-01 6.10969388e-01 6.09693878e-01 6.08418367e-01
 6.07142857e-01 6.05867347e-01 6.04591837e-01 6.03316327e-01
 6.02040816e-01 6.00765306e-01 5.99489796e-01 5.98214286e-01
 5.96938776e-01 5.95663265e-01 5.94387755e-01 5.93112245e-01
 5.91836735e-01 5.90561224e-01 5.89285714e-01 5.88010204e-01
 5.86734694e-01 5.85459184e-01 5.84183673e-01 5.83673469e-01
 5.82908163e-01 5.81632653e-01 5.80357143e-01 5.79081633e-01
 5.77806122e-01 5.76530612e-01 5.75255102e-01 5.73979592e-01
 5.72704082e-01 5.71428571e-01 5.70153061e-01 5.68877551e-01
 5.67602041e-01 5.66645408e-01 5.66326531e-01 5.65051020e-01
 5.63775510e-01 5.62500000e-01 5.61224490e-01 5.59948980e-01
 5.58673469e-01 5.57397959e-01 5.56122449e-01 5.54846939e-01
 5.53571429e-01 5.52295918e-01 5.51020408e-01 5.49744898e-01
 5.48469388e-01 5.47193878e-01 5.45918367e-01 5.44642857e-01
 5.43367347e-01 5.42091837e-01 5.40816327e-01 5.39540816e-01
 5.38265306e-01 5.36989796e-01 5.35714286e-01 5.34438776e-01
 5.33163265e-01 5.31887755e-01 5.30612245e-01 5.29336735e-01
 5.28061224e-01 5.26785714e-01 5.25510204e-01 5.24234694e-01
 5.22959184e-01 5.21683673e-01 5.20408163e-01 5.19132653e-01
 5.17857143e-01 5.16581633e-01 5.15306122e-01 5.14030612e-01
 5.12755102e-01 5.11479592e-01 5.10204082e-01 5.08928571e-01
 5.07653061e-01 5.06377551e-01 5.05867347e-01 5.05102041e-01
 5.03826531e-01 5.02551020e-01 5.01275510e-01 5.00000000e-01
 4.98724490e-01 4.97448980e-01 4.97193878e-01 4.96173469e-01
 4.94897959e-01 4.93622449e-01 4.92346939e-01 4.91071429e-01
 4.89795918e-01 4.88520408e-01 4.87244898e-01 4.85969388e-01
 4.84693878e-01 4.83418367e-01 4.82142857e-01 4.80867347e-01
 4.79591837e-01 4.78316327e-01 4.77040816e-01 4.75765306e-01
 4.74489796e-01 4.73214286e-01 4.71938776e-01 4.70663265e-01
 4.69387755e-01 4.68112245e-01 4.66836735e-01 4.65561224e-01
 4.64285714e-01 4.63010204e-01 4.61734694e-01 4.60459184e-01
 4.59183673e-01 4.57908163e-01 4.56632653e-01 4.55357143e-01
 4.54081633e-01 4.52806122e-01 4.51530612e-01 4.50255102e-01
 4.48979592e-01 4.47704082e-01 4.46428571e-01 4.45153061e-01
 4.43877551e-01 4.42602041e-01 4.41326531e-01 4.40051020e-01
 4.38775510e-01 4.37500000e-01 4.36224490e-01 4.34948980e-01
 4.33673469e-01 4.32397959e-01 4.31122449e-01 4.29846939e-01
 4.28571429e-01 4.27295918e-01 4.26020408e-01 4.24744898e-01
 4.23469388e-01 4.22193878e-01 4.20918367e-01 4.19642857e-01
 4.18367347e-01 4.17091837e-01 4.15816327e-01 4.14540816e-01
 4.13265306e-01 4.11989796e-01 4.10714286e-01 4.09438776e-01
 4.08163265e-01 4.06887755e-01 4.05612245e-01 4.04336735e-01
 4.03061224e-01 4.01785714e-01 4.00510204e-01 3.99234694e-01
 3.97959184e-01 3.96683673e-01 3.95408163e-01 3.94132653e-01
 3.92857143e-01 3.91581633e-01 3.90306122e-01 3.89030612e-01
 3.87755102e-01 3.86479592e-01 3.85204082e-01 3.83928571e-01
 3.82653061e-01 3.81377551e-01 3.80102041e-01 3.78826531e-01
 3.77551020e-01 3.76275510e-01 3.75000000e-01 3.73724490e-01
 3.72448980e-01 3.71173469e-01 3.69897959e-01 3.68622449e-01
 3.67346939e-01 3.66071429e-01 3.64795918e-01 3.63520408e-01
 3.62244898e-01 3.61352041e-01 3.60969388e-01 3.59693878e-01
 3.58418367e-01 3.57142857e-01 3.55867347e-01 3.54591837e-01
 3.53316327e-01 3.52040816e-01 3.50765306e-01 3.49489796e-01
 3.48214286e-01 3.46938776e-01 3.45663265e-01 3.44387755e-01
 3.43112245e-01 3.41836735e-01 3.40561224e-01 3.39285714e-01
 3.38010204e-01 3.36734694e-01 3.35459184e-01 3.34183673e-01
 3.32908163e-01 3.31632653e-01 3.30357143e-01 3.29081633e-01
 3.27806122e-01 3.26530612e-01 3.25255102e-01 3.23979592e-01
 3.22704082e-01 3.21428571e-01 3.20153061e-01 3.18877551e-01
 3.17602041e-01 3.16326531e-01 3.15051020e-01 3.13775510e-01
 3.12500000e-01 3.11224490e-01 3.09948980e-01 3.08673469e-01
 3.07397959e-01 3.06122449e-01 3.04846939e-01 3.03571429e-01
 3.02295918e-01 3.01020408e-01 2.99744898e-01 2.98469388e-01
 2.97193878e-01 2.95918367e-01 2.94642857e-01 2.93367347e-01
 2.92091837e-01 2.90816327e-01 2.89540816e-01 2.88265306e-01
 2.86989796e-01 2.85714286e-01 2.84438776e-01 2.83163265e-01
 2.81887755e-01 2.80612245e-01 2.79336735e-01 2.78061224e-01
 2.76785714e-01 2.75510204e-01 2.74234694e-01 2.72959184e-01
 2.71683673e-01 2.70408163e-01 2.69132653e-01 2.67857143e-01
 2.66581633e-01 2.65306122e-01 2.64030612e-01 2.62755102e-01
 2.61479592e-01 2.60204082e-01 2.58928571e-01 2.57653061e-01
 2.56377551e-01 2.55102041e-01 2.53826531e-01 2.52551020e-01
 2.51275510e-01 2.50000000e-01 2.48724490e-01 2.47448980e-01
 2.46173469e-01 2.44897959e-01 2.43622449e-01 2.42346939e-01
 2.41071429e-01 2.39795918e-01 2.38520408e-01 2.37244898e-01
 2.35969388e-01 2.34693878e-01 2.33418367e-01 2.32142857e-01
 2.30867347e-01 2.29591837e-01 2.28316327e-01 2.27040816e-01
 2.25765306e-01 2.24489796e-01 2.23214286e-01 2.21938776e-01
 2.20663265e-01 2.19387755e-01 2.18112245e-01 2.16836735e-01
 2.15561224e-01 2.14285714e-01 2.13010204e-01 2.11734694e-01
 2.10459184e-01 2.09183673e-01 2.07908163e-01 2.06632653e-01
 2.05357143e-01 2.04081633e-01 2.02806122e-01 2.01530612e-01
 2.00255102e-01 1.98979592e-01 1.97704082e-01 1.96428571e-01
 1.95153061e-01 1.93877551e-01 1.92602041e-01 1.91326531e-01
 1.90051020e-01 1.88775510e-01 1.87500000e-01 1.86224490e-01
 1.84948980e-01 1.83673469e-01 1.82397959e-01 1.81122449e-01
 1.79846939e-01 1.78571429e-01 1.77295918e-01 1.76020408e-01
 1.74744898e-01 1.73469388e-01 1.72193878e-01 1.70918367e-01
 1.69642857e-01 1.68367347e-01 1.67091837e-01 1.65816327e-01
 1.64540816e-01 1.63265306e-01 1.61989796e-01 1.60714286e-01
 1.59438776e-01 1.58163265e-01 1.56887755e-01 1.55612245e-01
 1.54336735e-01 1.53061224e-01 1.51785714e-01 1.50510204e-01
 1.49234694e-01 1.47959184e-01 1.46683673e-01 1.45408163e-01
 1.44132653e-01 1.42857143e-01 1.41581633e-01 1.40306122e-01
 1.39030612e-01 1.37755102e-01 1.36479592e-01 1.35204082e-01
 1.33928571e-01 1.32653061e-01 1.31377551e-01 1.30102041e-01
 1.28826531e-01 1.27551020e-01 1.26275510e-01 1.25000000e-01
 1.23724490e-01 1.22448980e-01 1.21173469e-01 1.19897959e-01
 1.18622449e-01 1.17346939e-01 1.16071429e-01 1.14795918e-01
 1.13520408e-01 1.12244898e-01 1.10969388e-01 1.09693878e-01
 1.08418367e-01 1.07142857e-01 1.05867347e-01 1.04591837e-01
 1.03316327e-01 1.02040816e-01 1.00765306e-01 9.94897959e-02
 9.82142857e-02 9.69387755e-02 9.56632653e-02 9.43877551e-02
 9.18367347e-02 9.05612245e-02 8.92857143e-02 8.80102041e-02
 8.67346939e-02 8.54591837e-02 8.41836735e-02 8.29081633e-02
 8.16326531e-02 8.03571429e-02 7.90816327e-02 7.78061224e-02
 7.65306122e-02 7.52551020e-02 7.39795918e-02 7.27040816e-02
 7.14285714e-02 6.88775510e-02 6.76020408e-02 6.63265306e-02
 6.50510204e-02 6.37755102e-02 6.25000000e-02 6.12244898e-02
 5.99489796e-02 5.86734694e-02 5.73979592e-02 5.61224490e-02
 5.48469388e-02 5.35714286e-02 5.22959184e-02 5.10204082e-02
 4.97448980e-02 4.84693878e-02 4.71938776e-02 4.59183673e-02
 4.46428571e-02 4.33673469e-02 4.20918367e-02 4.08163265e-02
 3.95408163e-02 3.82653061e-02 3.69897959e-02 3.57142857e-02
 3.44387755e-02 3.31632653e-02 3.18877551e-02 3.06122449e-02
 2.93367347e-02 2.80612245e-02 2.67857143e-02 2.55102041e-02
 2.42346939e-02 2.29591837e-02 2.16836735e-02 2.04081633e-02
 1.91326531e-02 1.78571429e-02 1.65816327e-02 1.53061224e-02
 1.40306122e-02 1.27551020e-02 1.14795918e-02 1.02040816e-02
 8.92857143e-03 7.65306122e-03 6.37755102e-03 5.10204082e-03
 3.82653061e-03 2.55102041e-03 1.27551020e-03 0.00000000e+00]
